RESULT,MARGIN,TOSS,BAT,OPPOSITION,GROUND,`START_DATE`,MATCH_ID,COUNTRY,COUNTRY_ID
won,85 runs,lost,1st,v India,Kolkata,03-Jan-13,ODI # 3315,Pakistan,7
lost,85 runs,won,2nd,v Pakistan,Kolkata,03-Jan-13,ODI # 3315,India,6
lost,10 runs,lost,2nd,v India,Delhi,06-Jan-13,ODI # 3316,Pakistan,7
won,10 runs,won,1st,v Pakistan,Delhi,06-Jan-13,ODI # 3316,India,6
lost,107 runs,lost,2nd,v Australia,Melbourne,11-Jan-13,ODI # 3317,SriLanka,8
won,107 runs,won,1st,v Sri Lanka,Melbourne,11-Jan-13,ODI # 3317,Australia,2
lost,9 runs,lost,2nd,v England,Rajkot,11-Jan-13,ODI # 3318,India,6
won,9 runs,won,1st,v India,Rajkot,11-Jan-13,ODI # 3318,England,1
won,8 wickets,won,2nd,v Australia,Adelaide,13-Jan-13,ODI # 3319,SriLanka,8
lost,8 wickets,lost,1st,v Sri Lanka,Adelaide,13-Jan-13,ODI # 3319,Australia,2
won,127 runs,won,1st,v England,Kochi,15-Jan-13,ODI # 3320,India,6
lost,127 runs,lost,2nd,v India,Kochi,15-Jan-13,ODI # 3320,England,1
won,4 wickets,lost,2nd,v Australia,Brisbane,18-Jan-13,ODI # 3321,SriLanka,8
lost,4 wickets,won,1st,v Sri Lanka,Brisbane,18-Jan-13,ODI # 3321,Australia,2
won,7 wickets,won,2nd,v England,Ranchi,19-Jan-13,ODI # 3322,India,6
lost,7 wickets,lost,1st,v India,Ranchi,19-Jan-13,ODI # 3322,England,1
lost,1 wickets,lost,1st,v New Zealand,Paarl,19-Jan-13,ODI # 3323,SouthAfrica,3
won,1 wickets,won,2nd,v South Africa,Paarl,19-Jan-13,ODI # 3323,Newzealad,5
n/r,-,lost,2nd,v Australia,Sydney,20-Jan-13,ODI # 3324,SriLanka,8
n/r,-,won,1st,v Sri Lanka,Sydney,20-Jan-13,ODI # 3324,Australia,2
lost,27 runs,won,2nd,v New Zealand,Kimberley,22-Jan-13,ODI # 3325,SouthAfrica,3
won,27 runs,lost,1st,v South Africa,Kimberley,22-Jan-13,ODI # 3325,Newzealad,5
lost,32 runs,won,2nd,v Australia,Hobart,23-Jan-13,ODI # 3326,SriLanka,8
won,32 runs,lost,1st,v Sri Lanka,Hobart,23-Jan-13,ODI # 3326,Australia,2
won,5 wickets,won,2nd,v England,Mohali,23-Jan-13,ODI # 3327,India,6
lost,5 wickets,lost,1st,v India,Mohali,23-Jan-13,ODI # 3327,England,1
won,1 wickets,lost,2nd,v New Zealand,Potchefstroom,25-Jan-13,ODI # 3328,SouthAfrica,3
lost,1 wickets,won,1st,v South Africa,Potchefstroom,25-Jan-13,ODI # 3328,Newzealad,5
lost,7 wickets,lost,1st,v England,Dharamsala,27-Jan-13,ODI # 3329,India,6
won,7 wickets,won,2nd,v India,Dharamsala,27-Jan-13,ODI # 3329,England,1
lost,9 wickets,won,1st,v Australia,Perth,01-Feb-13,ODI # 3330,WestIndies,4
won,9 wickets,lost,2nd,v West Indies,Perth,01-Feb-13,ODI # 3330,Australia,2
lost,54 runs,won,2nd,v Australia,Perth,03-Feb-13,ODI # 3331,WestIndies,4
won,54 runs,lost,1st,v West Indies,Perth,03-Feb-13,ODI # 3331,Australia,2
lost,39 runs,lost,2nd,v Australia,Canberra,06-Feb-13,ODI # 3332,WestIndies,4
won,39 runs,won,1st,v West Indies,Canberra,06-Feb-13,ODI # 3332,Australia,2
lost,5 wickets,won,1st,v Australia,Sydney,08-Feb-13,ODI # 3333,WestIndies,4
won,5 wickets,lost,2nd,v West Indies,Sydney,08-Feb-13,ODI # 3333,Australia,2
lost,17 runs,won,2nd,v Australia,Melbourne,10-Feb-13,ODI # 3334,WestIndies,4
won,17 runs,lost,1st,v West Indies,Melbourne,10-Feb-13,ODI # 3334,Australia,2
won,3 wickets,won,2nd,v England,Hamilton,17-Feb-13,ODI # 3335,Newzealad,5
lost,3 wickets,lost,1st,v New Zealand,Hamilton,17-Feb-13,ODI # 3335,England,1
lost,8 wickets,lost,1st,v England,Napier,20-Feb-13,ODI # 3336,Newzealad,5
won,8 wickets,won,2nd,v New Zealand,Napier,20-Feb-13,ODI # 3336,England,1
won,156 runs,lost,1st,v Zimbabwe,St George's,22-Feb-13,ODI # 3337,WestIndies,4
lost,5 wickets,lost,1st,v England,Auckland,23-Feb-13,ODI # 3338,Newzealad,5
won,5 wickets,won,2nd,v New Zealand,Auckland,23-Feb-13,ODI # 3338,England,1
won,7 wickets,lost,2nd,v Zimbabwe,St George's,24-Feb-13,ODI # 3339,WestIndies,4
won,5 wickets,lost,2nd,v Zimbabwe,St George's,26-Feb-13,ODI # 3340,WestIndies,4
won,7 wickets,lost,2nd,v Scotland,Sharjah,06-Mar-13,ODI # 3341,Afghanistan,40
won,5 wickets,won,2nd,v Scotland,Sharjah,08-Mar-13,ODI # 3342,Afghanistan,40
won,125 runs,lost,1st,v Pakistan,Bloemfontein,10-Mar-13,ODI # 3343,SouthAfrica,3
lost,125 runs,won,2nd,v South Africa,Bloemfontein,10-Mar-13,ODI # 3343,Pakistan,7
lost,6 wickets,won,1st,v Pakistan,Centurion,15-Mar-13,ODI # 3346,SouthAfrica,3
won,6 wickets,lost,2nd,v South Africa,Centurion,15-Mar-13,ODI # 3346,Pakistan,7
won,34 runs,lost,1st,v Pakistan,Johannesburg,17-Mar-13,ODI # 3347,SouthAfrica,3
lost,34 runs,won,2nd,v South Africa,Johannesburg,17-Mar-13,ODI # 3347,Pakistan,7
lost,3 wickets,won,1st,v Pakistan,Durban,21-Mar-13,ODI # 3348,SouthAfrica,3
won,3 wickets,lost,2nd,v South Africa,Durban,21-Mar-13,ODI # 3348,Pakistan,7
won,8 wickets,won,2nd,v Bangladesh,Hambantota,23-Mar-13,ODI # 3349,SriLanka,8
lost,8 wickets,lost,1st,v Sri Lanka,Hambantota,23-Mar-13,ODI # 3349,Bangladesh,25
won,6 wickets,lost,2nd,v Pakistan,Benoni,24-Mar-13,ODI # 3350,SouthAfrica,3
lost,6 wickets,won,1st,v South Africa,Benoni,24-Mar-13,ODI # 3350,Pakistan,7
n/r,-,lost,1st,v Bangladesh,Hambantota,25-Mar-13,ODI # 3351,SriLanka,8
n/r,-,won,2nd,v Sri Lanka,Hambantota,25-Mar-13,ODI # 3351,Bangladesh,25
lost,3 wickets,won,1st,v Bangladesh,Pallekele,28-Mar-13,ODI # 3352,SriLanka,8
won,3 wickets,lost,2nd,v Sri Lanka,Pallekele,28-Mar-13,ODI # 3352,Bangladesh,25
won,121 runs,lost,1st,v Zimbabwe,Bulawayo,03-May-13,ODI # 3353,Bangladesh,25
lost,6 wickets,lost,1st,v Zimbabwe,Bulawayo,05-May-13,ODI # 3354,Bangladesh,25
lost,7 wickets,lost,1st,v Zimbabwe,Bulawayo,08-May-13,ODI # 3355,Bangladesh,25
won,96 runs,won,1st,v Scotland,Edinburgh,17-May-13,ODI # 3356,Pakistan,7
aban,-,-,-,v Scotland,Edinburgh,19-May-13,ODI # 3356a,Pakistan,7
tied,-,won,1st,v Ireland,Dublin,23-May-13,ODI # 3357,Pakistan,7
won,2 wickets,won,2nd,v Ireland,Dublin,26-May-13,ODI # 3358,Pakistan,7
won,83 runs,won,1st,v Netherlands,Amstelveen,31-May-13,ODI # 3359,SouthAfrica,3
won,5 wickets,won,2nd,v England,Lord's,31-May-13,ODI # 3360,Newzealad,5
lost,5 wickets,lost,1st,v New Zealand,Lord's,31-May-13,ODI # 3360,England,1
won,86 runs,won,1st,v England,Southampton,02-Jun-13,ODI # 3361,Newzealad,5
lost,86 runs,lost,2nd,v New Zealand,Southampton,02-Jun-13,ODI # 3361,England,1
lost,34 runs,won,2nd,v England,Nottingham,05-Jun-13,ODI # 3362,Newzealad,5
won,34 runs,lost,1st,v New Zealand,Nottingham,05-Jun-13,ODI # 3362,England,1
lost,26 runs,won,2nd,v India,Cardiff,06-Jun-13,ODI # 3363,SouthAfrica,3
won,26 runs,lost,1st,v South Africa,Cardiff,06-Jun-13,ODI # 3363,India,6
won,2 wickets,won,2nd,v Pakistan,The Oval,07-Jun-13,ODI # 3364,WestIndies,4
lost,2 wickets,lost,1st,v West Indies,The Oval,07-Jun-13,ODI # 3364,Pakistan,7
won,48 runs,won,1st,v Australia,Birmingham,08-Jun-13,ODI # 3365,England,1
lost,48 runs,lost,2nd,v England,Birmingham,08-Jun-13,ODI # 3365,Australia,2
lost,1 wickets,won,1st,v New Zealand,Cardiff,09-Jun-13,ODI # 3366,SriLanka,8
won,1 wickets,lost,2nd,v Sri Lanka,Cardiff,09-Jun-13,ODI # 3366,Newzealad,5
won,67 runs,won,1st,v Pakistan,Birmingham,10-Jun-13,ODI # 3367,SouthAfrica,3
lost,67 runs,lost,2nd,v South Africa,Birmingham,10-Jun-13,ODI # 3367,Pakistan,7
lost,8 wickets,lost,1st,v India,The Oval,11-Jun-13,ODI # 3368,WestIndies,4
won,8 wickets,won,2nd,v West Indies,The Oval,11-Jun-13,ODI # 3368,India,6
n/r,-,lost,2nd,v Australia,Birmingham,12-Jun-13,ODI # 3369,Newzealad,5
n/r,-,won,1st,v New Zealand,Birmingham,12-Jun-13,ODI # 3369,Australia,2
won,7 wickets,won,2nd,v England,The Oval,13-Jun-13,ODI # 3370,SriLanka,8
lost,7 wickets,lost,1st,v Sri Lanka,The Oval,13-Jun-13,ODI # 3370,England,1
tied,-,won,2nd,v South Africa,Cardiff,14-Jun-13,ODI # 3371,WestIndies,4
tied,-,lost,1st,v West Indies,Cardiff,14-Jun-13,ODI # 3371,SouthAfrica,3
lost,8 wickets,lost,1st,v India,Birmingham,15-Jun-13,ODI # 3372,Pakistan,7
won,8 wickets,won,2nd,v Pakistan,Birmingham,15-Jun-13,ODI # 3372,India,6
lost,10 runs,won,2nd,v England,Cardiff,16-Jun-13,ODI # 3373,Newzealad,5
won,10 runs,lost,1st,v New Zealand,Cardiff,16-Jun-13,ODI # 3373,England,1
won,20 runs,lost,1st,v Australia,The Oval,17-Jun-13,ODI # 3374,SriLanka,8
lost,20 runs,won,2nd,v Sri Lanka,The Oval,17-Jun-13,ODI # 3374,Australia,2
lost,7 wickets,lost,1st,v England,The Oval,19-Jun-13,ODI # 3375,SouthAfrica,3
won,7 wickets,won,2nd,v South Africa,The Oval,19-Jun-13,ODI # 3375,England,1
lost,8 wickets,lost,1st,v India,Cardiff,20-Jun-13,ODI # 3376,SriLanka,8
won,8 wickets,won,2nd,v Sri Lanka,Cardiff,20-Jun-13,ODI # 3376,India,6
won,5 runs,lost,1st,v England,Birmingham,23-Jun-13,ODI # 3377,India,6
lost,5 runs,won,2nd,v India,Birmingham,23-Jun-13,ODI # 3377,England,1
won,6 wickets,won,2nd,v Sri Lanka,Kingston,28-Jun-13,ODI # 3378,WestIndies,4
lost,6 wickets,lost,1st,v West Indies,Kingston,28-Jun-13,ODI # 3378,SriLanka,8
won,1 wickets,won,2nd,v India,Kingston,30-Jun-13,ODI # 3380,WestIndies,4
lost,1 wickets,lost,1st,v West Indies,Kingston,30-Jun-13,ODI # 3380,India,6
won,161 runs,lost,1st,v India,Kingston,02-Jul-13,ODI # 3382,SriLanka,8
lost,161 runs,won,2nd,v Sri Lanka,Kingston,02-Jul-13,ODI # 3382,India,6
lost,102 runs,won,2nd,v India,Port of Spain,05-Jul-13,ODI # 3383,WestIndies,4
won,102 runs,lost,1st,v West Indies,Port of Spain,05-Jul-13,ODI # 3383,India,6
lost,39 runs,won,2nd,v Sri Lanka,Port of Spain,07-Jul-13,ODI # 3385,WestIndies,4
won,39 runs,lost,1st,v West Indies,Port of Spain,07-Jul-13,ODI # 3385,SriLanka,8
lost,81 runs,won,2nd,v India,Port of Spain,09-Jul-13,ODI # 3387,SriLanka,8
won,81 runs,lost,1st,v Sri Lanka,Port of Spain,09-Jul-13,ODI # 3387,India,6
lost,1 wickets,lost,1st,v India,Port of Spain,11-Jul-13,ODI # 3388,SriLanka,8
won,1 wickets,won,2nd,v Sri Lanka,Port of Spain,11-Jul-13,ODI # 3388,India,6
lost,126 runs,won,2nd,v Pakistan,Providence,14-Jul-13,ODI # 3389,WestIndies,4
won,126 runs,lost,1st,v West Indies,Providence,14-Jul-13,ODI # 3389,Pakistan,7
won,37 runs,lost,1st,v Pakistan,Providence,16-Jul-13,ODI # 3390,WestIndies,4
lost,37 runs,won,2nd,v West Indies,Providence,16-Jul-13,ODI # 3390,Pakistan,7
tied,-,won,2nd,v Pakistan,Gros Islet,19-Jul-13,ODI # 3391,WestIndies,4
tied,-,lost,1st,v West Indies,Gros Islet,19-Jul-13,ODI # 3391,Pakistan,7
won,180 runs,lost,1st,v South Africa,Colombo (RPS),20-Jul-13,ODI # 3392,SriLanka,8
lost,180 runs,won,2nd,v Sri Lanka,Colombo (RPS),20-Jul-13,ODI # 3392,SouthAfrica,3
lost,6 wickets,lost,1st,v Pakistan,Gros Islet,21-Jul-13,ODI # 3393,WestIndies,4
won,6 wickets,won,2nd,v West Indies,Gros Islet,21-Jul-13,ODI # 3393,Pakistan,7
won,17 runs,won,1st,v South Africa,Colombo (RPS),23-Jul-13,ODI # 3394,SriLanka,8
lost,17 runs,lost,2nd,v Sri Lanka,Colombo (RPS),23-Jul-13,ODI # 3394,SouthAfrica,3
won,6 wickets,won,2nd,v Zimbabwe,Harare,24-Jul-13,ODI # 3395,India,6
lost,4 wickets,lost,1st,v Pakistan,Gros Islet,24-Jul-13,ODI # 3396,WestIndies,4
won,4 wickets,won,2nd,v West Indies,Gros Islet,24-Jul-13,ODI # 3396,Pakistan,7
won,58 runs,lost,1st,v Zimbabwe,Harare,26-Jul-13,ODI # 3397,India,6
lost,56 runs,lost,2nd,v South Africa,Pallekele,26-Jul-13,ODI # 3398,SriLanka,8
won,56 runs,won,1st,v Sri Lanka,Pallekele,26-Jul-13,ODI # 3398,SouthAfrica,3
won,7 wickets,won,2nd,v Zimbabwe,Harare,28-Jul-13,ODI # 3399,India,6
won,8 wickets,lost,2nd,v South Africa,Pallekele,28-Jul-13,ODI # 3400,SriLanka,8
lost,8 wickets,won,1st,v Sri Lanka,Pallekele,28-Jul-13,ODI # 3400,SouthAfrica,3
won,128 runs,won,1st,v South Africa,Colombo (RPS),31-Jul-13,ODI # 3401,SriLanka,8
lost,128 runs,lost,2nd,v Sri Lanka,Colombo (RPS),31-Jul-13,ODI # 3401,SouthAfrica,3
won,9 wickets,won,2nd,v Zimbabwe,Bulawayo,01-Aug-13,ODI # 3402,India,6
won,7 wickets,won,2nd,v Zimbabwe,Bulawayo,03-Aug-13,ODI # 3403,India,6
lost,7 wickets,won,1st,v Zimbabwe,Harare,27-Aug-13,ODI # 3404,Pakistan,7
won,90 runs,lost,1st,v Zimbabwe,Harare,29-Aug-13,ODI # 3406,Pakistan,7
won,108 runs,lost,1st,v Zimbabwe,Harare,31-Aug-13,ODI # 3408,Pakistan,7
won,6 wickets,won,2nd,v Ireland,Dublin (Malahide),03-Sep-13,ODI # 3409,England,1
won,200 runs,lost,1st,v Scotland,Edinburgh,03-Sep-13,ODI # 3410,Australia,2
aban,-,-,-,v Australia,Leeds,06-Sep-13,ODI # 3410a,England,1
aban,-,-,-,v England,Leeds,06-Sep-13,ODI # 3410a,Australia,2
lost,88 runs,won,2nd,v Australia,Manchester,08-Sep-13,ODI # 3412,England,1
won,88 runs,lost,1st,v England,Manchester,08-Sep-13,ODI # 3412,Australia,2
n/r,-,lost,1st,v Australia,Birmingham,11-Sep-13,ODI # 3414,England,1
n/r,-,won,2nd,v England,Birmingham,11-Sep-13,ODI # 3414,Australia,2
won,3 wickets,won,2nd,v Australia,Cardiff,14-Sep-13,ODI # 3415,England,1
lost,3 wickets,lost,1st,v England,Cardiff,14-Sep-13,ODI # 3415,Australia,2
lost,49 runs,lost,2nd,v Australia,Southampton,16-Sep-13,ODI # 3416,England,1
won,49 runs,won,1st,v England,Southampton,16-Sep-13,ODI # 3416,Australia,2
won,8 wickets,lost,2nd,v Kenya,Sharjah,02-Oct-13,ODI # 3417,Afghanistan,40
won,7 wickets,won,2nd,v Kenya,Sharjah,04-Oct-13,ODI # 3418,Afghanistan,40
lost,72 runs,lost,2nd,v Australia,Pune,13-Oct-13,ODI # 3419,India,6
won,72 runs,won,1st,v India,Pune,13-Oct-13,ODI # 3419,Australia,2
won,9 wickets,lost,2nd,v Australia,Jaipur,16-Oct-13,ODI # 3420,India,6
lost,9 wickets,won,1st,v India,Jaipur,16-Oct-13,ODI # 3420,Australia,2
lost,4 wickets,lost,1st,v Australia,Mohali,19-Oct-13,ODI # 3421,India,6
won,4 wickets,won,2nd,v India,Mohali,19-Oct-13,ODI # 3421,Australia,2
n/r,-,won,2nd,v Australia,Ranchi,23-Oct-13,ODI # 3422,India,6
n/r,-,lost,1st,v India,Ranchi,23-Oct-13,ODI # 3422,Australia,2
aban,-,-,-,v Australia,Cuttack,26-Oct-13,ODI # 3422a,India,6
aban,-,-,-,v India,Cuttack,26-Oct-13,ODI # 3422a,Australia,2
lost,43 runs,won,2nd,v Bangladesh,Dhaka,29-Oct-13,ODI # 3423,Newzealad,5
won,43 runs,lost,1st,v New Zealand,Dhaka,29-Oct-13,ODI # 3423,Bangladesh,25
won,6 wickets,won,2nd,v Australia,Nagpur,30-Oct-13,ODI # 3424,India,6
lost,6 wickets,lost,1st,v India,Nagpur,30-Oct-13,ODI # 3424,Australia,2
won,1 runs,won,1st,v Pakistan,Sharjah,30-Oct-13,ODI # 3425,SouthAfrica,3
lost,1 runs,lost,2nd,v South Africa,Sharjah,30-Oct-13,ODI # 3425,Pakistan,7
lost,40 runs,lost,2nd,v Bangladesh,Dhaka,31-Oct-13,ODI # 3426,Newzealad,5
won,40 runs,won,1st,v New Zealand,Dhaka,31-Oct-13,ODI # 3426,Bangladesh,25
lost,66 runs,lost,2nd,v Pakistan,Dubai (DSC),01-Nov-13,ODI # 3427,SouthAfrica,3
won,66 runs,won,1st,v South Africa,Dubai (DSC),01-Nov-13,ODI # 3427,Pakistan,7
won,57 runs,lost,1st,v Australia,Bengaluru,02-Nov-13,ODI # 3428,India,6
lost,57 runs,won,2nd,v India,Bengaluru,02-Nov-13,ODI # 3428,Australia,2
lost,4 wickets,lost,1st,v Bangladesh,Fatullah,03-Nov-13,ODI # 3429,Newzealad,5
won,4 wickets,won,2nd,v New Zealand,Fatullah,03-Nov-13,ODI # 3429,Bangladesh,25
won,68 runs,won,1st,v Pakistan,Abu Dhabi,06-Nov-13,ODI # 3430,SouthAfrica,3
lost,68 runs,lost,2nd,v South Africa,Abu Dhabi,06-Nov-13,ODI # 3430,Pakistan,7
won,28 runs,won,1st,v Pakistan,Abu Dhabi,08-Nov-13,ODI # 3431,SouthAfrica,3
lost,28 runs,lost,2nd,v South Africa,Abu Dhabi,08-Nov-13,ODI # 3431,Pakistan,7
n/r,-,lost,1st,v New Zealand,Hambantota,10-Nov-13,ODI # 3432,SriLanka,8
n/r,-,won,2nd,v Sri Lanka,Hambantota,10-Nov-13,ODI # 3432,Newzealad,5
won,117 runs,won,1st,v Pakistan,Sharjah,11-Nov-13,ODI # 3433,SouthAfrica,3
lost,117 runs,lost,2nd,v South Africa,Sharjah,11-Nov-13,ODI # 3433,Pakistan,7
lost,4 wickets,won,1st,v New Zealand,Hambantota,12-Nov-13,ODI # 3434,SriLanka,8
won,4 wickets,lost,2nd,v Sri Lanka,Hambantota,12-Nov-13,ODI # 3434,Newzealad,5
won,36 runs,lost,1st,v New Zealand,Dambulla,16-Nov-13,ODI # 3435,SriLanka,8
lost,36 runs,won,2nd,v Sri Lanka,Dambulla,16-Nov-13,ODI # 3435,Newzealad,5
lost,6 wickets,won,1st,v India,Kochi,21-Nov-13,ODI # 3436,WestIndies,4
won,6 wickets,lost,2nd,v West Indies,Kochi,21-Nov-13,ODI # 3436,India,6
won,2 wickets,won,2nd,v India,Visakhapatnam,24-Nov-13,ODI # 3437,WestIndies,4
lost,2 wickets,lost,1st,v West Indies,Visakhapatnam,24-Nov-13,ODI # 3437,India,6
lost,23 runs,lost,2nd,v Pakistan,Cape Town,24-Nov-13,ODI # 3438,SouthAfrica,3
won,23 runs,won,1st,v South Africa,Cape Town,24-Nov-13,ODI # 3438,Pakistan,7
lost,5 wickets,lost,1st,v India,Kanpur,27-Nov-13,ODI # 3439,WestIndies,4
won,5 wickets,won,2nd,v West Indies,Kanpur,27-Nov-13,ODI # 3439,India,6
lost,1 runs,won,2nd,v Pakistan,Port Elizabeth,27-Nov-13,ODI # 3440,SouthAfrica,3
won,1 runs,lost,1st,v South Africa,Port Elizabeth,27-Nov-13,ODI # 3440,Pakistan,7
won,4 wickets,won,2nd,v Pakistan,Centurion,30-Nov-13,ODI # 3441,SouthAfrica,3
lost,4 wickets,lost,1st,v South Africa,Centurion,30-Nov-13,ODI # 3441,Pakistan,7
won,141 runs,lost,1st,v India,Johannesburg,05-Dec-13,ODI # 3442,SouthAfrica,3
lost,141 runs,won,2nd,v South Africa,Johannesburg,05-Dec-13,ODI # 3442,India,6
won,134 runs,lost,1st,v India,Durban,08-Dec-13,ODI # 3443,SouthAfrica,3
lost,134 runs,won,2nd,v South Africa,Durban,08-Dec-13,ODI # 3443,India,6
n/r,-,won,1st,v India,Centurion,11-Dec-13,ODI # 3444,SouthAfrica,3
n/r,-,lost,2nd,v South Africa,Centurion,11-Dec-13,ODI # 3444,India,6
lost,11 runs,lost,2nd,v Pakistan,Sharjah,18-Dec-13,ODI # 3445,SriLanka,8
won,11 runs,won,1st,v Sri Lanka,Sharjah,18-Dec-13,ODI # 3445,Pakistan,7
won,2 wickets,won,2nd,v Pakistan,Dubai (DSC),20-Dec-13,ODI # 3446,SriLanka,8
lost,2 wickets,lost,1st,v Sri Lanka,Dubai (DSC),20-Dec-13,ODI # 3446,Pakistan,7
lost,113 runs,won,2nd,v Pakistan,Sharjah,22-Dec-13,ODI # 3447,SriLanka,8
won,113 runs,lost,1st,v Sri Lanka,Sharjah,22-Dec-13,ODI # 3447,Pakistan,7
lost,8 wickets,won,1st,v Pakistan,Abu Dhabi,25-Dec-13,ODI # 3448,SriLanka,8
won,8 wickets,lost,2nd,v Sri Lanka,Abu Dhabi,25-Dec-13,ODI # 3448,Pakistan,7
won,2 wickets,won,2nd,v New Zealand,Auckland,26-Dec-13,ODI # 3449,WestIndies,4
lost,2 wickets,lost,1st,v West Indies,Auckland,26-Dec-13,ODI # 3449,Newzealad,5
won,2 wickets,lost,2nd,v Pakistan,Abu Dhabi,27-Dec-13,ODI # 3450,SriLanka,8
lost,2 wickets,won,1st,v Sri Lanka,Abu Dhabi,27-Dec-13,ODI # 3450,Pakistan,7
aban,-,-,-,v New Zealand,Napier,29-Dec-13,ODI # 3450a,WestIndies,4
aban,-,-,-,v West Indies,Napier,29-Dec-13,ODI # 3450a,Newzealad,5
lost,159 runs,won,2nd,v New Zealand,Queenstown,01-Jan-14,ODI # 3451,WestIndies,4
won,159 runs,lost,1st,v West Indies,Queenstown,01-Jan-14,ODI # 3451,Newzealad,5
lost,58 runs,lost,2nd,v New Zealand,Nelson,04-Jan-14,ODI # 3452,WestIndies,4
won,58 runs,won,1st,v West Indies,Nelson,04-Jan-14,ODI # 3452,Newzealad,5
won,203 runs,lost,1st,v New Zealand,Hamilton,08-Jan-14,ODI # 3453,WestIndies,4
lost,203 runs,won,2nd,v West Indies,Hamilton,08-Jan-14,ODI # 3453,Newzealad,5
lost,6 wickets,won,1st,v Australia,Melbourne,12-Jan-14,ODI # 3454,England,1
won,6 wickets,lost,2nd,v England,Melbourne,12-Jan-14,ODI # 3454,Australia,2
lost,1 wickets,won,1st,v Australia,Brisbane,17-Jan-14,ODI # 3455,England,1
won,1 wickets,lost,2nd,v England,Brisbane,17-Jan-14,ODI # 3455,Australia,2
won,24 runs,lost,1st,v India,Napier,19-Jan-14,ODI # 3456,Newzealad,5
lost,24 runs,won,2nd,v New Zealand,Napier,19-Jan-14,ODI # 3456,India,6
lost,7 wickets,won,1st,v Australia,Sydney,19-Jan-14,ODI # 3457,England,1
won,7 wickets,lost,2nd,v England,Sydney,19-Jan-14,ODI # 3457,Australia,2
won,15 runs,lost,1st,v India,Hamilton,22-Jan-14,ODI # 3458,Newzealad,5
lost,15 runs,won,2nd,v New Zealand,Hamilton,22-Jan-14,ODI # 3458,India,6
won,57 runs,lost,1st,v Australia,Perth,24-Jan-14,ODI # 3461,England,1
lost,57 runs,won,2nd,v England,Perth,24-Jan-14,ODI # 3461,Australia,2
tied,-,lost,1st,v India,Auckland,25-Jan-14,ODI # 3462,Newzealad,5
tied,-,won,2nd,v New Zealand,Auckland,25-Jan-14,ODI # 3462,India,6
lost,5 runs,lost,2nd,v Australia,Adelaide,26-Jan-14,ODI # 3463,England,1
won,5 runs,won,1st,v England,Adelaide,26-Jan-14,ODI # 3463,Australia,2
won,7 wickets,lost,2nd,v India,Hamilton,28-Jan-14,ODI # 3465,Newzealad,5
lost,7 wickets,won,1st,v New Zealand,Hamilton,28-Jan-14,ODI # 3465,India,6
won,87 runs,lost,1st,v India,Wellington,31-Jan-14,ODI # 3467,Newzealad,5
lost,87 runs,won,2nd,v New Zealand,Wellington,31-Jan-14,ODI # 3467,India,6
won,13 runs,lost,1st,v Bangladesh,Dhaka,17-Feb-14,ODI # 3469,SriLanka,8
lost,13 runs,won,2nd,v Sri Lanka,Dhaka,17-Feb-14,ODI # 3469,Bangladesh,25
won,61 runs,won,1st,v Bangladesh,Dhaka,20-Feb-14,ODI # 3470,SriLanka,8
lost,61 runs,lost,2nd,v Sri Lanka,Dhaka,20-Feb-14,ODI # 3470,Bangladesh,25
won,6 wickets,won,2nd,v Bangladesh,Dhaka,22-Feb-14,ODI # 3471,SriLanka,8
lost,6 wickets,lost,1st,v Sri Lanka,Dhaka,22-Feb-14,ODI # 3471,Bangladesh,25
won,4 wickets,lost,2nd,v Ireland,Kingston,23-Feb-14,ODI # 3472,WestIndies,4
won,12 runs,won,1st,v Pakistan,Fatullah,25-Feb-14,ODI # 3473,SriLanka,8
lost,12 runs,lost,2nd,v Sri Lanka,Fatullah,25-Feb-14,ODI # 3473,Pakistan,7
won,6 wickets,won,2nd,v Bangladesh,Fatullah,26-Feb-14,ODI # 3474,India,6
lost,6 wickets,lost,1st,v India,Fatullah,26-Feb-14,ODI # 3474,Bangladesh,25
won,72 runs,lost,1st,v Afghanistan,Fatullah,27-Feb-14,ODI # 3475,Pakistan,7
lost,72 runs,won,2nd,v Pakistan,Fatullah,27-Feb-14,ODI # 3475,Afghanistan,40
won,2 wickets,won,2nd,v India,Fatullah,28-Feb-14,ODI # 3476,SriLanka,8
lost,2 wickets,lost,1st,v Sri Lanka,Fatullah,28-Feb-14,ODI # 3476,India,6
won,15 runs,lost,1st,v England,North Sound,28-Feb-14,ODI # 3477,WestIndies,4
lost,15 runs,won,2nd,v West Indies,North Sound,28-Feb-14,ODI # 3477,England,1
lost,32 runs,won,2nd,v Afghanistan,Fatullah,01-Mar-14,ODI # 3478,Bangladesh,25
won,32 runs,lost,1st,v Bangladesh,Fatullah,01-Mar-14,ODI # 3478,Afghanistan,40
won,1 wickets,won,2nd,v India,Dhaka,02-Mar-14,ODI # 3479,Pakistan,7
lost,1 wickets,lost,1st,v Pakistan,Dhaka,02-Mar-14,ODI # 3479,India,6
lost,3 wickets,lost,1st,v England,North Sound,02-Mar-14,ODI # 3480,WestIndies,4
won,3 wickets,won,2nd,v West Indies,North Sound,02-Mar-14,ODI # 3480,England,1
won,129 runs,won,1st,v Afghanistan,Dhaka,03-Mar-14,ODI # 3481,SriLanka,8
lost,129 runs,lost,2nd,v Sri Lanka,Dhaka,03-Mar-14,ODI # 3481,Afghanistan,40
won,3 wickets,lost,2nd,v Bangladesh,Dhaka,04-Mar-14,ODI # 3482,Pakistan,7
lost,3 wickets,won,1st,v Pakistan,Dhaka,04-Mar-14,ODI # 3482,Bangladesh,25
won,8 wickets,won,2nd,v Afghanistan,Dhaka,05-Mar-14,ODI # 3483,India,6
lost,8 wickets,lost,1st,v India,Dhaka,05-Mar-14,ODI # 3483,Afghanistan,40
lost,25 runs,won,2nd,v England,North Sound,05-Mar-14,ODI # 3484,WestIndies,4
won,25 runs,lost,1st,v West Indies,North Sound,05-Mar-14,ODI # 3484,England,1
won,3 wickets,lost,2nd,v Bangladesh,Dhaka,06-Mar-14,ODI # 3485,SriLanka,8
lost,3 wickets,won,1st,v Sri Lanka,Dhaka,06-Mar-14,ODI # 3485,Bangladesh,25
won,5 wickets,lost,2nd,v Pakistan,Dhaka,08-Mar-14,ODI # 3486,SriLanka,8
lost,5 wickets,won,1st,v Sri Lanka,Dhaka,08-Mar-14,ODI # 3486,Pakistan,7
won,6 wickets,won,2nd,v Hong Kong,Kuala Lumpur,01-May-14,ODI # 3487,Afghanistan,40
won,70 runs,lost,1st,v U.A.E.,Kuala Lumpur,02-May-14,ODI # 3488,Afghanistan,40
won,79 runs,lost,1st,v Ireland,Dublin,06-May-14,ODI # 3490,SriLanka,8
aban,-,-,-,v Ireland,Dublin,08-May-14,ODI # 3490a,SriLanka,8
won,39 runs,lost,1st,v Scotland,Aberdeen,09-May-14,ODI # 3491,England,1
lost,81 runs,won,2nd,v England,The Oval,22-May-14,ODI # 3492,SriLanka,8
won,81 runs,lost,1st,v Sri Lanka,The Oval,22-May-14,ODI # 3492,England,1
won,157 runs,lost,1st,v England,Chester-le-Street,25-May-14,ODI # 3493,SriLanka,8
lost,157 runs,won,2nd,v Sri Lanka,Chester-le-Street,25-May-14,ODI # 3493,England,1
lost,10 wickets,lost,1st,v England,Manchester,28-May-14,ODI # 3494,SriLanka,8
won,10 wickets,won,2nd,v Sri Lanka,Manchester,28-May-14,ODI # 3494,England,1
won,7 runs,lost,1st,v England,Lord's,31-May-14,ODI # 3495,SriLanka,8
lost,7 runs,won,2nd,v Sri Lanka,Lord's,31-May-14,ODI # 3495,England,1
won,6 wickets,lost,2nd,v England,Birmingham,03-Jun-14,ODI # 3496,SriLanka,8
lost,6 wickets,won,1st,v Sri Lanka,Birmingham,03-Jun-14,ODI # 3496,England,1
won,7 wickets,lost,2nd,v Bangladesh,Dhaka,15-Jun-14,ODI # 3497,India,6
lost,7 wickets,won,1st,v India,Dhaka,15-Jun-14,ODI # 3497,Bangladesh,25
won,47 runs,lost,1st,v Bangladesh,Dhaka,17-Jun-14,ODI # 3498,India,6
lost,47 runs,won,2nd,v India,Dhaka,17-Jun-14,ODI # 3498,Bangladesh,25
n/r,-,won,1st,v Bangladesh,Dhaka,19-Jun-14,ODI # 3499,India,6
n/r,-,lost,2nd,v India,Dhaka,19-Jun-14,ODI # 3499,Bangladesh,25
lost,75 runs,lost,2nd,v South Africa,Colombo (RPS),06-Jul-14,ODI # 3500,SriLanka,8
won,75 runs,won,1st,v Sri Lanka,Colombo (RPS),06-Jul-14,ODI # 3500,SouthAfrica,3
won,87 runs,won,1st,v South Africa,Pallekele,09-Jul-14,ODI # 3501,SriLanka,8
lost,87 runs,lost,2nd,v Sri Lanka,Pallekele,09-Jul-14,ODI # 3501,SouthAfrica,3
lost,82 runs,lost,2nd,v South Africa,Hambantota,12-Jul-14,ODI # 3502,SriLanka,8
won,82 runs,won,1st,v Sri Lanka,Hambantota,12-Jul-14,ODI # 3502,SouthAfrica,3
lost,6 wickets,lost,1st,v Zimbabwe,Bulawayo,18-Jul-14,ODI # 3503,Afghanistan,40
lost,8 wickets,lost,1st,v Zimbabwe,Bulawayo,20-Jul-14,ODI # 3504,Afghanistan,40
won,2 wickets,won,2nd,v Zimbabwe,Bulawayo,22-Jul-14,ODI # 3505,Afghanistan,40
won,100 runs,lost,1st,v Zimbabwe,Bulawayo,24-Jul-14,ODI # 3506,Afghanistan,40
won,93 runs,lost,1st,v Zimbabwe,Bulawayo,17-Aug-14,ODI # 3507,SouthAfrica,3
won,61 runs,lost,1st,v Zimbabwe,Bulawayo,19-Aug-14,ODI # 3508,SouthAfrica,3
won,3 wickets,won,2nd,v Bangladesh,St George's,20-Aug-14,ODI # 3509,WestIndies,4
lost,3 wickets,lost,1st,v West Indies,St George's,20-Aug-14,ODI # 3509,Bangladesh,25
won,7 wickets,won,2nd,v Zimbabwe,Bulawayo,21-Aug-14,ODI # 3510,SouthAfrica,3
won,177 runs,lost,1st,v Bangladesh,St George's,22-Aug-14,ODI # 3511,WestIndies,4
lost,177 runs,won,2nd,v West Indies,St George's,22-Aug-14,ODI # 3511,Bangladesh,25
lost,4 wickets,lost,1st,v Pakistan,Hambantota,23-Aug-14,ODI # 3512,SriLanka,8
won,4 wickets,won,2nd,v Sri Lanka,Hambantota,23-Aug-14,ODI # 3512,Pakistan,7
won,198 runs,lost,1st,v Zimbabwe,Harare,25-Aug-14,ODI # 3513,Australia,2
aban,-,-,-,v England,Bristol,25-Aug-14,ODI # 3513a,India,6
aban,-,-,-,v India,Bristol,25-Aug-14,ODI # 3513a,England,1
won,91 runs,won,1st,v Bangladesh,Basseterre,25-Aug-14,ODI # 3514,WestIndies,4
lost,91 runs,lost,2nd,v West Indies,Basseterre,25-Aug-14,ODI # 3514,Bangladesh,25
won,77 runs,won,1st,v Pakistan,Hambantota,26-Aug-14,ODI # 3515,SriLanka,8
lost,77 runs,lost,2nd,v Sri Lanka,Hambantota,26-Aug-14,ODI # 3515,Pakistan,7
won,7 wickets,won,2nd,v Australia,Harare,27-Aug-14,ODI # 3516,SouthAfrica,3
lost,7 wickets,lost,1st,v South Africa,Harare,27-Aug-14,ODI # 3516,Australia,2
won,133 runs,lost,1st,v England,Cardiff,27-Aug-14,ODI # 3517,India,6
lost,133 runs,won,2nd,v India,Cardiff,27-Aug-14,ODI # 3517,England,1
won,61 runs,lost,1st,v Zimbabwe,Harare,29-Aug-14,ODI # 3518,SouthAfrica,3
won,7 wickets,lost,2nd,v Pakistan,Dambulla,30-Aug-14,ODI # 3519,SriLanka,8
lost,7 wickets,won,1st,v Sri Lanka,Dambulla,30-Aug-14,ODI # 3519,Pakistan,7
won,6 wickets,won,2nd,v England,Nottingham,30-Aug-14,ODI # 3520,India,6
lost,6 wickets,lost,1st,v India,Nottingham,30-Aug-14,ODI # 3520,England,1
lost,3 wickets,won,1st,v Zimbabwe,Harare,31-Aug-14,ODI # 3521,Australia,2
lost,62 runs,won,2nd,v Australia,Harare,02-Sep-14,ODI # 3522,SouthAfrica,3
won,62 runs,lost,1st,v South Africa,Harare,02-Sep-14,ODI # 3522,Australia,2
won,9 wickets,won,2nd,v England,Birmingham,02-Sep-14,ODI # 3523,India,6
lost,9 wickets,lost,1st,v India,Birmingham,02-Sep-14,ODI # 3523,England,1
won,63 runs,lost,1st,v Zimbabwe,Harare,04-Sep-14,ODI # 3524,SouthAfrica,3
lost,41 runs,won,2nd,v England,Leeds,05-Sep-14,ODI # 3525,India,6
won,41 runs,lost,1st,v India,Leeds,05-Sep-14,ODI # 3525,England,1
won,6 wickets,won,2nd,v Australia,Harare,06-Sep-14,ODI # 3526,SouthAfrica,3
lost,6 wickets,lost,1st,v South Africa,Harare,06-Sep-14,ODI # 3526,Australia,2
lost,93 runs,lost,2nd,v Australia,Sharjah,07-Oct-14,ODI # 3530,Pakistan,7
won,93 runs,won,1st,v Pakistan,Sharjah,07-Oct-14,ODI # 3530,Australia,2
won,124 runs,lost,1st,v India,Kochi,08-Oct-14,ODI # 3531,WestIndies,4
lost,124 runs,won,2nd,v West Indies,Kochi,08-Oct-14,ODI # 3531,India,6
lost,5 wickets,won,1st,v Australia,Dubai (DSC),10-Oct-14,ODI # 3532,Pakistan,7
won,5 wickets,lost,2nd,v Pakistan,Dubai (DSC),10-Oct-14,ODI # 3532,Australia,2
lost,48 runs,lost,2nd,v India,Delhi,11-Oct-14,ODI # 3533,WestIndies,4
won,48 runs,won,1st,v West Indies,Delhi,11-Oct-14,ODI # 3533,India,6
lost,1 runs,lost,2nd,v Australia,Abu Dhabi,12-Oct-14,ODI # 3534,Pakistan,7
won,1 runs,won,1st,v Pakistan,Abu Dhabi,12-Oct-14,ODI # 3534,Australia,2
canc,-,-,-,v India,Visakhapatnam,14-Oct-14,ODI # 3534a,WestIndies,4
canc,-,-,-,v West Indies,Visakhapatnam,14-Oct-14,ODI # 3534a,India,6
lost,59 runs,won,2nd,v India,Dharamsala,17-Oct-14,ODI # 3535,WestIndies,4
won,59 runs,lost,1st,v West Indies,Dharamsala,17-Oct-14,ODI # 3535,India,6
canc,-,-,-,v India,Kolkata,20-Oct-14,ODI # 3535a,WestIndies,4
canc,-,-,-,v West Indies,Kolkata,20-Oct-14,ODI # 3535a,India,6
won,6 wickets,won,2nd,v New Zealand,Mount Maunganui,21-Oct-14,ODI # 3536,SouthAfrica,3
lost,6 wickets,lost,1st,v South Africa,Mount Maunganui,21-Oct-14,ODI # 3536,Newzealad,5
won,72 runs,lost,1st,v New Zealand,Mount Maunganui,24-Oct-14,ODI # 3537,SouthAfrica,3
lost,72 runs,won,2nd,v South Africa,Mount Maunganui,24-Oct-14,ODI # 3537,Newzealad,5
n/r,-,lost,1st,v New Zealand,Hamilton,27-Oct-14,ODI # 3538,SouthAfrica,3
n/r,-,won,2nd,v South Africa,Hamilton,27-Oct-14,ODI # 3538,Newzealad,5
lost,169 runs,won,2nd,v India,Cuttack,02-Nov-14,ODI # 3539,SriLanka,8
won,169 runs,lost,1st,v Sri Lanka,Cuttack,02-Nov-14,ODI # 3539,India,6
lost,6 wickets,won,1st,v India,Ahmedabad,06-Nov-14,ODI # 3540,SriLanka,8
won,6 wickets,lost,2nd,v Sri Lanka,Ahmedabad,06-Nov-14,ODI # 3540,India,6
lost,6 wickets,won,1st,v India,Hyderabad (Deccan),09-Nov-14,ODI # 3543,SriLanka,8
won,6 wickets,lost,2nd,v Sri Lanka,Hyderabad (Deccan),09-Nov-14,ODI # 3543,India,6
lost,153 runs,lost,2nd,v India,Kolkata,13-Nov-14,ODI # 3544,SriLanka,8
won,153 runs,won,1st,v Sri Lanka,Kolkata,13-Nov-14,ODI # 3544,India,6
lost,32 runs,won,2nd,v Australia,Perth,14-Nov-14,ODI # 3545,SouthAfrica,3
won,32 runs,lost,1st,v South Africa,Perth,14-Nov-14,ODI # 3545,Australia,2
won,3 wickets,lost,2nd,v Australia,Perth,16-Nov-14,ODI # 3546,SouthAfrica,3
lost,3 wickets,won,1st,v South Africa,Perth,16-Nov-14,ODI # 3546,Australia,2
lost,3 wickets,won,1st,v India,Ranchi,16-Nov-14,ODI # 3547,SriLanka,8
won,3 wickets,lost,2nd,v Sri Lanka,Ranchi,16-Nov-14,ODI # 3547,India,6
lost,73 runs,lost,2nd,v Australia,Canberra,19-Nov-14,ODI # 3548,SouthAfrica,3
won,73 runs,won,1st,v South Africa,Canberra,19-Nov-14,ODI # 3548,Australia,2
lost,3 wickets,won,1st,v Australia,Melbourne,21-Nov-14,ODI # 3549,SouthAfrica,3
won,3 wickets,lost,2nd,v South Africa,Melbourne,21-Nov-14,ODI # 3549,Australia,2
won,87 runs,lost,1st,v Zimbabwe,Chattogram,21-Nov-14,ODI # 3550,Bangladesh,25
lost,2 wickets,won,1st,v Australia,Sydney,23-Nov-14,ODI # 3551,SouthAfrica,3
won,2 wickets,lost,2nd,v South Africa,Sydney,23-Nov-14,ODI # 3551,Australia,2
won,68 runs,won,1st,v Zimbabwe,Chattogram,23-Nov-14,ODI # 3552,Bangladesh,25
won,124 runs,lost,1st,v Zimbabwe,Dhaka,26-Nov-14,ODI # 3553,Bangladesh,25
won,25 runs,lost,1st,v England,Colombo (RPS),26-Nov-14,ODI # 3554,SriLanka,8
lost,25 runs,won,2nd,v Sri Lanka,Colombo (RPS),26-Nov-14,ODI # 3554,England,1
won,21 runs,won,1st,v Zimbabwe,Dhaka,28-Nov-14,ODI # 3555,Bangladesh,25
lost,5 wickets,won,1st,v U.A.E.,ICCA Dubai,28-Nov-14,ODI # 3556,Afghanistan,40
won,8 wickets,lost,2nd,v England,Colombo (RPS),29-Nov-14,ODI # 3557,SriLanka,8
lost,8 wickets,won,1st,v Sri Lanka,Colombo (RPS),29-Nov-14,ODI # 3557,England,1
lost,6 wickets,lost,1st,v U.A.E.,ICCA Dubai,30-Nov-14,ODI # 3558,Afghanistan,40
won,5 wickets,lost,2nd,v Zimbabwe,Dhaka,01-Dec-14,ODI # 3559,Bangladesh,25
won,2 wickets,won,2nd,v U.A.E.,ICCA Dubai,02-Dec-14,ODI # 3560,Afghanistan,40
lost,5 wickets,won,1st,v England,Hambantota,03-Dec-14,ODI # 3561,SriLanka,8
won,5 wickets,lost,2nd,v Sri Lanka,Hambantota,03-Dec-14,ODI # 3561,England,1
lost,30 runs,won,2nd,v U.A.E.,ICCA Dubai,04-Dec-14,ODI # 3562,Afghanistan,40
won,6 wickets,lost,2nd,v England,Colombo (RPS),07-Dec-14,ODI # 3563,SriLanka,8
lost,6 wickets,won,1st,v Sri Lanka,Colombo (RPS),07-Dec-14,ODI # 3563,England,1
won,3 wickets,won,2nd,v New Zealand,Dubai (DSC),08-Dec-14,ODI # 3564,Pakistan,7
lost,3 wickets,lost,1st,v Pakistan,Dubai (DSC),08-Dec-14,ODI # 3564,Newzealad,5
lost,5 wickets,lost,1st,v England,Pallekele,10-Dec-14,ODI # 3565,SriLanka,8
won,5 wickets,won,2nd,v Sri Lanka,Pallekele,10-Dec-14,ODI # 3565,England,1
lost,4 wickets,won,1st,v New Zealand,Sharjah,12-Dec-14,ODI # 3566,Pakistan,7
won,4 wickets,lost,2nd,v Pakistan,Sharjah,12-Dec-14,ODI # 3566,Newzealad,5
won,90 runs,won,1st,v England,Pallekele,13-Dec-14,ODI # 3567,SriLanka,8
lost,90 runs,lost,2nd,v Sri Lanka,Pallekele,13-Dec-14,ODI # 3567,England,1
won,147 runs,won,1st,v New Zealand,Sharjah,14-Dec-14,ODI # 3568,Pakistan,7
lost,147 runs,lost,2nd,v Pakistan,Sharjah,14-Dec-14,ODI # 3568,Newzealad,5
won,87 runs,won,1st,v England,Colombo (RPS),16-Dec-14,ODI # 3569,SriLanka,8
lost,87 runs,lost,2nd,v Sri Lanka,Colombo (RPS),16-Dec-14,ODI # 3569,England,1
lost,7 runs,lost,2nd,v New Zealand,Abu Dhabi,17-Dec-14,ODI # 3570,Pakistan,7
won,7 runs,won,1st,v Pakistan,Abu Dhabi,17-Dec-14,ODI # 3570,Newzealad,5
lost,68 runs,lost,2nd,v New Zealand,Abu Dhabi,19-Dec-14,ODI # 3571,Pakistan,7
won,68 runs,won,1st,v Pakistan,Abu Dhabi,19-Dec-14,ODI # 3571,Newzealad,5
won,8 wickets,won,2nd,v Scotland,ICCA Dubai,08-Jan-15,ODI # 3572,Afghanistan,40
lost,3 wickets,lost,1st,v Ireland,Dubai (DSC),10-Jan-15,ODI # 3573,Afghanistan,40
lost,3 wickets,won,1st,v New Zealand,Christchurch,11-Jan-15,ODI # 3574,SriLanka,8
won,3 wickets,lost,2nd,v Sri Lanka,Christchurch,11-Jan-15,ODI # 3574,Newzealad,5
lost,150 runs,lost,2nd,v Scotland,Abu Dhabi,14-Jan-15,ODI # 3576,Afghanistan,40
won,6 wickets,lost,2nd,v New Zealand,Hamilton,15-Jan-15,ODI # 3577,SriLanka,8
lost,6 wickets,won,1st,v Sri Lanka,Hamilton,15-Jan-15,ODI # 3577,Newzealad,5
lost,3 wickets,won,1st,v Australia,Sydney,16-Jan-15,ODI # 3578,England,1
won,3 wickets,lost,2nd,v England,Sydney,16-Jan-15,ODI # 3578,Australia,2
lost,61 runs,lost,2nd,v South Africa,Durban,16-Jan-15,ODI # 3579,WestIndies,4
won,61 runs,won,1st,v West Indies,Durban,16-Jan-15,ODI # 3579,SouthAfrica,3
n/r,-,won,2nd,v New Zealand,Auckland,17-Jan-15,ODI # 3580,SriLanka,8
n/r,-,lost,1st,v Sri Lanka,Auckland,17-Jan-15,ODI # 3580,Newzealad,5
won,71 runs,lost,1st,v Ireland,Dubai (DSC),17-Jan-15,ODI # 3581,Afghanistan,40
lost,4 wickets,won,1st,v Australia,Melbourne,18-Jan-15,ODI # 3582,India,6
won,4 wickets,lost,2nd,v India,Melbourne,18-Jan-15,ODI # 3582,Australia,2
lost,148 runs,won,2nd,v South Africa,Johannesburg,18-Jan-15,ODI # 3583,WestIndies,4
won,148 runs,lost,1st,v West Indies,Johannesburg,18-Jan-15,ODI # 3583,SouthAfrica,3
lost,4 wickets,won,1st,v New Zealand,Nelson,20-Jan-15,ODI # 3585,SriLanka,8
won,4 wickets,lost,2nd,v Sri Lanka,Nelson,20-Jan-15,ODI # 3585,Newzealad,5
lost,9 wickets,won,1st,v England,Brisbane,20-Jan-15,ODI # 3586,India,6
won,9 wickets,lost,2nd,v India,Brisbane,20-Jan-15,ODI # 3586,England,1
lost,9 wickets,won,1st,v South Africa,East London,21-Jan-15,ODI # 3587,WestIndies,4
won,9 wickets,lost,2nd,v West Indies,East London,21-Jan-15,ODI # 3587,SouthAfrica,3
lost,108 runs,won,2nd,v New Zealand,Dunedin,23-Jan-15,ODI # 3588,SriLanka,8
won,108 runs,lost,1st,v Sri Lanka,Dunedin,23-Jan-15,ODI # 3588,Newzealad,5
lost,3 wickets,lost,1st,v Australia,Hobart,23-Jan-15,ODI # 3589,England,1
won,3 wickets,won,2nd,v England,Hobart,23-Jan-15,ODI # 3589,Australia,2
lost,120 runs,lost,2nd,v New Zealand,Dunedin,25-Jan-15,ODI # 3590,SriLanka,8
won,120 runs,won,1st,v Sri Lanka,Dunedin,25-Jan-15,ODI # 3590,Newzealad,5
won,1 wickets,won,2nd,v South Africa,Port Elizabeth,25-Jan-15,ODI # 3591,WestIndies,4
lost,1 wickets,lost,1st,v West Indies,Port Elizabeth,25-Jan-15,ODI # 3591,SouthAfrica,3
n/r,-,lost,1st,v Australia,Sydney,26-Jan-15,ODI # 3592,India,6
n/r,-,won,2nd,v India,Sydney,26-Jan-15,ODI # 3592,Australia,2
lost,131 runs,won,2nd,v South Africa,Centurion,28-Jan-15,ODI # 3593,WestIndies,4
won,131 runs,lost,1st,v West Indies,Centurion,28-Jan-15,ODI # 3593,SouthAfrica,3
won,34 runs,won,1st,v New Zealand,Wellington,29-Jan-15,ODI # 3594,SriLanka,8
lost,34 runs,lost,2nd,v Sri Lanka,Wellington,29-Jan-15,ODI # 3594,Newzealad,5
lost,3 wickets,lost,1st,v England,Perth,30-Jan-15,ODI # 3595,India,6
won,3 wickets,won,2nd,v India,Perth,30-Jan-15,ODI # 3595,England,1
lost,7 wickets,lost,1st,v New Zealand,Wellington,31-Jan-15,ODI # 3596,Pakistan,7
won,7 wickets,won,2nd,v Pakistan,Wellington,31-Jan-15,ODI # 3596,Newzealad,5
lost,112 runs,won,2nd,v Australia,Perth,01-Feb-15,ODI # 3597,England,1
won,112 runs,lost,1st,v England,Perth,01-Feb-15,ODI # 3597,Australia,2
lost,119 runs,lost,2nd,v New Zealand,Napier,03-Feb-15,ODI # 3598,Pakistan,7
won,119 runs,won,1st,v Pakistan,Napier,03-Feb-15,ODI # 3598,Newzealad,5
lost,98 runs,won,2nd,v New Zealand,Christchurch,14-Feb-15,ODI # 3599,SriLanka,8
won,98 runs,lost,1st,v Sri Lanka,Christchurch,14-Feb-15,ODI # 3599,Newzealad,5
lost,111 runs,won,2nd,v Australia,Melbourne,14-Feb-15,ODI # 3600,England,1
won,111 runs,lost,1st,v England,Melbourne,14-Feb-15,ODI # 3600,Australia,2
won,62 runs,lost,1st,v Zimbabwe,Hamilton,15-Feb-15,ODI # 3601,SouthAfrica,3
lost,76 runs,lost,2nd,v India,Adelaide,15-Feb-15,ODI # 3602,Pakistan,7
won,76 runs,won,1st,v Pakistan,Adelaide,15-Feb-15,ODI # 3602,India,6
lost,4 wickets,lost,1st,v Ireland,Nelson,16-Feb-15,ODI # 3603,WestIndies,4
won,3 wickets,won,2nd,v Scotland,Dunedin,17-Feb-15,ODI # 3604,Newzealad,5
won,105 runs,won,1st,v Afghanistan,Canberra,18-Feb-15,ODI # 3605,Bangladesh,25
lost,105 runs,lost,2nd,v Bangladesh,Canberra,18-Feb-15,ODI # 3605,Afghanistan,40
won,8 wickets,lost,2nd,v England,Wellington,20-Feb-15,ODI # 3607,Newzealad,5
lost,8 wickets,won,1st,v New Zealand,Wellington,20-Feb-15,ODI # 3607,England,1
won,150 runs,lost,1st,v Pakistan,Christchurch,21-Feb-15,ODI # 3608,WestIndies,4
lost,150 runs,won,2nd,v West Indies,Christchurch,21-Feb-15,ODI # 3608,Pakistan,7
aban,-,-,-,v Australia,Brisbane,21-Feb-15,ODI # 3608a,Bangladesh,25
aban,-,-,-,v Bangladesh,Brisbane,21-Feb-15,ODI # 3608a,Australia,2
won,4 wickets,won,2nd,v Afghanistan,Dunedin,22-Feb-15,ODI # 3609,SriLanka,8
lost,4 wickets,lost,1st,v Sri Lanka,Dunedin,22-Feb-15,ODI # 3609,Afghanistan,40
lost,130 runs,lost,2nd,v India,Melbourne,22-Feb-15,ODI # 3610,SouthAfrica,3
won,130 runs,won,1st,v South Africa,Melbourne,22-Feb-15,ODI # 3610,India,6
won,119 runs,lost,1st,v Scotland,Christchurch,23-Feb-15,ODI # 3611,England,1
won,73 runs,won,1st,v Zimbabwe,Canberra,24-Feb-15,ODI # 3612,WestIndies,4
won,1 wickets,won,2nd,v Scotland,Dunedin,26-Feb-15,ODI # 3614,Afghanistan,40
won,92 runs,won,1st,v Bangladesh,Melbourne,26-Feb-15,ODI # 3615,SriLanka,8
lost,92 runs,lost,2nd,v Sri Lanka,Melbourne,26-Feb-15,ODI # 3615,Bangladesh,25
lost,257 runs,lost,2nd,v South Africa,Sydney,27-Feb-15,ODI # 3616,WestIndies,4
won,257 runs,won,1st,v West Indies,Sydney,27-Feb-15,ODI # 3616,SouthAfrica,3
won,1 wickets,lost,2nd,v Australia,Auckland,28-Feb-15,ODI # 3617,Newzealad,5
lost,1 wickets,won,1st,v New Zealand,Auckland,28-Feb-15,ODI # 3617,Australia,2
won,9 wickets,lost,2nd,v U.A.E.,Perth,28-Feb-15,ODI # 3618,India,6
won,9 wickets,lost,2nd,v England,Wellington,01-Mar-15,ODI # 3619,SriLanka,8
lost,9 wickets,won,1st,v Sri Lanka,Wellington,01-Mar-15,ODI # 3619,England,1
won,20 runs,won,1st,v Zimbabwe,Brisbane,01-Mar-15,ODI # 3620,Pakistan,7
won,201 runs,won,1st,v Ireland,Canberra,03-Mar-15,ODI # 3621,SouthAfrica,3
won,129 runs,lost,1st,v U.A.E.,Napier,04-Mar-15,ODI # 3622,Pakistan,7
won,275 runs,lost,1st,v Afghanistan,Perth,04-Mar-15,ODI # 3623,Australia,2
lost,275 runs,won,2nd,v Australia,Perth,04-Mar-15,ODI # 3623,Afghanistan,40
won,6 wickets,won,2nd,v Scotland,Nelson,05-Mar-15,ODI # 3624,Bangladesh,25
lost,4 wickets,won,1st,v India,Perth,06-Mar-15,ODI # 3625,WestIndies,4
won,4 wickets,lost,2nd,v West Indies,Perth,06-Mar-15,ODI # 3625,India,6
lost,29 runs,won,2nd,v Pakistan,Auckland,07-Mar-15,ODI # 3626,SouthAfrica,3
won,29 runs,lost,1st,v South Africa,Auckland,07-Mar-15,ODI # 3626,Pakistan,7
won,6 wickets,lost,2nd,v Afghanistan,Napier,08-Mar-15,ODI # 3628,Newzealad,5
lost,6 wickets,won,1st,v New Zealand,Napier,08-Mar-15,ODI # 3628,Afghanistan,40
lost,64 runs,lost,2nd,v Australia,Sydney,08-Mar-15,ODI # 3629,SriLanka,8
won,64 runs,won,1st,v Sri Lanka,Sydney,08-Mar-15,ODI # 3629,Australia,2
lost,15 runs,won,2nd,v Bangladesh,Adelaide,09-Mar-15,ODI # 3630,England,1
won,15 runs,lost,1st,v England,Adelaide,09-Mar-15,ODI # 3630,Bangladesh,25
won,8 wickets,lost,2nd,v Ireland,Hamilton,10-Mar-15,ODI # 3631,India,6
won,148 runs,won,1st,v Scotland,Hobart,11-Mar-15,ODI # 3632,SriLanka,8
won,146 runs,lost,1st,v U.A.E.,Wellington,12-Mar-15,ODI # 3633,SouthAfrica,3
won,3 wickets,won,2nd,v Bangladesh,Hamilton,13-Mar-15,ODI # 3634,Newzealad,5
lost,3 wickets,lost,1st,v New Zealand,Hamilton,13-Mar-15,ODI # 3634,Bangladesh,25
won,9 wickets,won,2nd,v Afghanistan,Sydney,13-Mar-15,ODI # 3635,England,1
lost,9 wickets,lost,1st,v England,Sydney,13-Mar-15,ODI # 3635,Afghanistan,40
won,6 wickets,won,2nd,v Zimbabwe,Auckland,14-Mar-15,ODI # 3636,India,6
won,7 wickets,won,2nd,v Scotland,Hobart,14-Mar-15,ODI # 3637,Australia,2
won,6 wickets,won,2nd,v U.A.E.,Napier,15-Mar-15,ODI # 3638,WestIndies,4
won,7 wickets,lost,2nd,v Ireland,Adelaide,15-Mar-15,ODI # 3639,Pakistan,7
lost,9 wickets,won,1st,v South Africa,Sydney,18-Mar-15,ODI # 3640,SriLanka,8
won,9 wickets,lost,2nd,v Sri Lanka,Sydney,18-Mar-15,ODI # 3640,SouthAfrica,3
won,109 runs,won,1st,v Bangladesh,Melbourne,19-Mar-15,ODI # 3641,India,6
lost,109 runs,lost,2nd,v India,Melbourne,19-Mar-15,ODI # 3641,Bangladesh,25
lost,6 wickets,won,1st,v Australia,Adelaide,20-Mar-15,ODI # 3642,Pakistan,7
won,6 wickets,lost,2nd,v Pakistan,Adelaide,20-Mar-15,ODI # 3642,Australia,2
lost,143 runs,lost,2nd,v New Zealand,Wellington,21-Mar-15,ODI # 3643,WestIndies,4
won,143 runs,won,1st,v West Indies,Wellington,21-Mar-15,ODI # 3643,Newzealad,5
lost,4 wickets,won,1st,v New Zealand,Auckland,24-Mar-15,ODI # 3644,SouthAfrica,3
won,4 wickets,lost,2nd,v South Africa,Auckland,24-Mar-15,ODI # 3644,Newzealad,5
lost,95 runs,lost,2nd,v Australia,Sydney,26-Mar-15,ODI # 3645,India,6
won,95 runs,won,1st,v India,Sydney,26-Mar-15,ODI # 3645,Australia,2
lost,7 wickets,won,1st,v Australia,Melbourne,29-Mar-15,ODI # 3646,Newzealad,5
won,7 wickets,lost,2nd,v New Zealand,Melbourne,29-Mar-15,ODI # 3646,Australia,2
lost,79 runs,lost,2nd,v Bangladesh,Dhaka,17-Apr-15,ODI # 3647,Pakistan,7
won,79 runs,won,1st,v Pakistan,Dhaka,17-Apr-15,ODI # 3647,Bangladesh,25
lost,7 wickets,won,1st,v Bangladesh,Dhaka,19-Apr-15,ODI # 3648,Pakistan,7
won,7 wickets,lost,2nd,v Pakistan,Dhaka,19-Apr-15,ODI # 3648,Bangladesh,25
lost,8 wickets,won,1st,v Bangladesh,Dhaka,22-Apr-15,ODI # 3649,Pakistan,7
won,8 wickets,lost,2nd,v Pakistan,Dhaka,22-Apr-15,ODI # 3649,Bangladesh,25
n/r,-,won,2nd,v Ireland,Dublin (Malahide),08-May-15,ODI # 3650,England,1
won,41 runs,won,1st,v Zimbabwe,Lahore,26-May-15,ODI # 3651,Pakistan,7
won,6 wickets,won,2nd,v Zimbabwe,Lahore,29-May-15,ODI # 3652,Pakistan,7
n/r,-,won,1st,v Zimbabwe,Lahore,31-May-15,ODI # 3653,Pakistan,7
lost,210 runs,won,2nd,v England,Birmingham,09-Jun-15,ODI # 3654,Newzealad,5
won,210 runs,lost,1st,v New Zealand,Birmingham,09-Jun-15,ODI # 3654,England,1
won,13 runs,won,1st,v England,The Oval,12-Jun-15,ODI # 3655,Newzealad,5
lost,13 runs,lost,2nd,v New Zealand,The Oval,12-Jun-15,ODI # 3655,England,1
won,3 wickets,lost,2nd,v England,Southampton,14-Jun-15,ODI # 3656,Newzealad,5
lost,3 wickets,won,1st,v New Zealand,Southampton,14-Jun-15,ODI # 3656,England,1
lost,7 wickets,won,1st,v England,Nottingham,17-Jun-15,ODI # 3657,Newzealad,5
won,7 wickets,lost,2nd,v New Zealand,Nottingham,17-Jun-15,ODI # 3657,England,1
lost,79 runs,lost,2nd,v Bangladesh,Dhaka,18-Jun-15,ODI # 3658,India,6
won,79 runs,won,1st,v India,Dhaka,18-Jun-15,ODI # 3658,Bangladesh,25
lost,3 wickets,lost,1st,v England,Chester-le-Street,20-Jun-15,ODI # 3659,Newzealad,5
won,3 wickets,won,2nd,v New Zealand,Chester-le-Street,20-Jun-15,ODI # 3659,England,1
lost,6 wickets,won,1st,v Bangladesh,Dhaka,21-Jun-15,ODI # 3660,India,6
won,6 wickets,lost,2nd,v India,Dhaka,21-Jun-15,ODI # 3660,Bangladesh,25
won,77 runs,lost,1st,v Bangladesh,Dhaka,24-Jun-15,ODI # 3661,India,6
lost,77 runs,won,2nd,v India,Dhaka,24-Jun-15,ODI # 3661,Bangladesh,25
won,4 runs,lost,1st,v Zimbabwe,Harare,10-Jul-15,ODI # 3662,India,6
won,8 wickets,lost,2nd,v Bangladesh,Dhaka,10-Jul-15,ODI # 3663,SouthAfrica,3
lost,8 wickets,won,1st,v South Africa,Dhaka,10-Jul-15,ODI # 3663,Bangladesh,25
lost,6 wickets,lost,1st,v Pakistan,Dambulla,11-Jul-15,ODI # 3664,SriLanka,8
won,6 wickets,won,2nd,v Sri Lanka,Dambulla,11-Jul-15,ODI # 3664,Pakistan,7
won,62 runs,lost,1st,v Zimbabwe,Harare,12-Jul-15,ODI # 3665,India,6
lost,7 wickets,won,1st,v Bangladesh,Dhaka,12-Jul-15,ODI # 3666,SouthAfrica,3
won,7 wickets,lost,2nd,v South Africa,Dhaka,12-Jul-15,ODI # 3666,Bangladesh,25
won,83 runs,lost,1st,v Zimbabwe,Harare,14-Jul-15,ODI # 3667,India,6
lost,9 wickets,won,1st,v Bangladesh,Chattogram,15-Jul-15,ODI # 3668,SouthAfrica,3
won,9 wickets,lost,2nd,v South Africa,Chattogram,15-Jul-15,ODI # 3668,Bangladesh,25
won,2 wickets,lost,2nd,v Pakistan,Pallekele,15-Jul-15,ODI # 3669,SriLanka,8
lost,2 wickets,won,1st,v Sri Lanka,Pallekele,15-Jul-15,ODI # 3669,Pakistan,7
lost,135 runs,lost,2nd,v Pakistan,Colombo (RPS),19-Jul-15,ODI # 3670,SriLanka,8
won,135 runs,won,1st,v Sri Lanka,Colombo (RPS),19-Jul-15,ODI # 3670,Pakistan,7
lost,7 wickets,won,1st,v Pakistan,Colombo (RPS),22-Jul-15,ODI # 3671,SriLanka,8
won,7 wickets,lost,2nd,v Sri Lanka,Colombo (RPS),22-Jul-15,ODI # 3671,Pakistan,7
won,165 runs,won,1st,v Pakistan,Hambantota,26-Jul-15,ODI # 3672,SriLanka,8
lost,165 runs,lost,2nd,v Sri Lanka,Hambantota,26-Jul-15,ODI # 3672,Pakistan,7
lost,7 wickets,lost,1st,v Zimbabwe,Harare,02-Aug-15,ODI # 3673,Newzealad,5
won,10 wickets,lost,2nd,v Zimbabwe,Harare,04-Aug-15,ODI # 3674,Newzealad,5
won,38 runs,lost,1st,v Zimbabwe,Harare,07-Aug-15,ODI # 3675,Newzealad,5
won,20 runs,lost,1st,v New Zealand,Centurion,19-Aug-15,ODI # 3676,SouthAfrica,3
lost,20 runs,won,2nd,v South Africa,Centurion,19-Aug-15,ODI # 3676,Newzealad,5
lost,8 wickets,won,1st,v New Zealand,Potchefstroom,23-Aug-15,ODI # 3677,SouthAfrica,3
won,8 wickets,lost,2nd,v South Africa,Potchefstroom,23-Aug-15,ODI # 3677,Newzealad,5
won,62 runs,won,1st,v New Zealand,Durban,26-Aug-15,ODI # 3678,SouthAfrica,3
lost,62 runs,lost,2nd,v South Africa,Durban,26-Aug-15,ODI # 3678,Newzealad,5
won,23 runs,won,1st,v Ireland,Belfast,27-Aug-15,ODI # 3679,Australia,2
lost,59 runs,lost,2nd,v Australia,Southampton,03-Sep-15,ODI # 3680,England,1
won,59 runs,won,1st,v England,Southampton,03-Sep-15,ODI # 3680,Australia,2
lost,64 runs,won,2nd,v Australia,Lord's,05-Sep-15,ODI # 3681,England,1
won,64 runs,lost,1st,v England,Lord's,05-Sep-15,ODI # 3681,Australia,2
won,93 runs,won,1st,v Australia,Manchester,08-Sep-15,ODI # 3682,England,1
lost,93 runs,lost,2nd,v England,Manchester,08-Sep-15,ODI # 3682,Australia,2
won,3 wickets,lost,2nd,v Australia,Leeds,11-Sep-15,ODI # 3683,England,1
lost,3 wickets,won,1st,v England,Leeds,11-Sep-15,ODI # 3683,Australia,2
lost,8 wickets,won,1st,v Australia,Manchester,13-Sep-15,ODI # 3684,England,1
won,8 wickets,lost,2nd,v England,Manchester,13-Sep-15,ODI # 3684,Australia,2
won,131 runs,lost,1st,v Zimbabwe,Harare,01-Oct-15,ODI # 3685,Pakistan,7
lost,5 runs,won,2nd,v Zimbabwe,Harare,03-Oct-15,ODI # 3686,Pakistan,7
won,7 wickets,won,2nd,v Zimbabwe,Harare,05-Oct-15,ODI # 3687,Pakistan,7
won,5 runs,won,1st,v India,Kanpur,11-Oct-15,ODI # 3689,SouthAfrica,3
lost,5 runs,lost,2nd,v South Africa,Kanpur,11-Oct-15,ODI # 3689,India,6
lost,22 runs,lost,2nd,v India,Indore,14-Oct-15,ODI # 3692,SouthAfrica,3
won,22 runs,won,1st,v South Africa,Indore,14-Oct-15,ODI # 3692,India,6
lost,8 wickets,won,1st,v Zimbabwe,Bulawayo,16-Oct-15,ODI # 3693,Afghanistan,40
won,58 runs,won,1st,v Zimbabwe,Bulawayo,18-Oct-15,ODI # 3694,Afghanistan,40
won,18 runs,won,1st,v India,Rajkot,18-Oct-15,ODI # 3695,SouthAfrica,3
lost,18 runs,lost,2nd,v South Africa,Rajkot,18-Oct-15,ODI # 3695,India,6
lost,6 wickets,won,1st,v Zimbabwe,Bulawayo,20-Oct-15,ODI # 3696,Afghanistan,40
won,3 wickets,lost,2nd,v Zimbabwe,Bulawayo,22-Oct-15,ODI # 3697,Afghanistan,40
lost,35 runs,lost,2nd,v India,Chennai,22-Oct-15,ODI # 3698,SouthAfrica,3
won,35 runs,won,1st,v South Africa,Chennai,22-Oct-15,ODI # 3698,India,6
won,73 runs,lost,1st,v Zimbabwe,Bulawayo,24-Oct-15,ODI # 3699,Afghanistan,40
won,214 runs,won,1st,v India,Mumbai,25-Oct-15,ODI # 3700,SouthAfrica,3
lost,214 runs,lost,2nd,v South Africa,Mumbai,25-Oct-15,ODI # 3700,India,6
lost,1 wickets,lost,1st,v Sri Lanka,Colombo (RPS),01-Nov-15,ODI # 3701,WestIndies,4
won,1 wickets,won,2nd,v West Indies,Colombo (RPS),01-Nov-15,ODI # 3701,SriLanka,8
lost,8 wickets,won,1st,v Sri Lanka,Colombo (RPS),04-Nov-15,ODI # 3702,WestIndies,4
won,8 wickets,lost,2nd,v West Indies,Colombo (RPS),04-Nov-15,ODI # 3702,SriLanka,8
won,145 runs,lost,1st,v Zimbabwe,Dhaka,07-Nov-15,ODI # 3703,Bangladesh,25
lost,19 runs,lost,1st,v Sri Lanka,Pallekele,07-Nov-15,ODI # 3704,WestIndies,4
won,19 runs,won,2nd,v West Indies,Pallekele,07-Nov-15,ODI # 3704,SriLanka,8
won,58 runs,lost,1st,v Zimbabwe,Dhaka,09-Nov-15,ODI # 3705,Bangladesh,25
won,61 runs,won,1st,v Zimbabwe,Dhaka,11-Nov-15,ODI # 3706,Bangladesh,25
won,6 wickets,lost,2nd,v England,Abu Dhabi,11-Nov-15,ODI # 3707,Pakistan,7
lost,6 wickets,won,1st,v Pakistan,Abu Dhabi,11-Nov-15,ODI # 3707,England,1
lost,95 runs,lost,2nd,v England,Abu Dhabi,13-Nov-15,ODI # 3708,Pakistan,7
won,95 runs,won,1st,v Pakistan,Abu Dhabi,13-Nov-15,ODI # 3708,England,1
lost,6 wickets,won,1st,v England,Sharjah,17-Nov-15,ODI # 3710,Pakistan,7
won,6 wickets,lost,2nd,v Pakistan,Sharjah,17-Nov-15,ODI # 3710,England,1
lost,84 runs,lost,2nd,v England,Dubai (DSC),20-Nov-15,ODI # 3712,Pakistan,7
won,84 runs,won,1st,v Pakistan,Dubai (DSC),20-Nov-15,ODI # 3712,England,1
won,49 runs,won,1st,v Zimbabwe,Sharjah,25-Dec-15,ODI # 3713,Afghanistan,40
lost,7 wickets,won,1st,v New Zealand,Christchurch,26-Dec-15,ODI # 3714,SriLanka,8
won,7 wickets,lost,2nd,v Sri Lanka,Christchurch,26-Dec-15,ODI # 3714,Newzealad,5
lost,10 wickets,won,1st,v New Zealand,Christchurch,28-Dec-15,ODI # 3715,SriLanka,8
won,10 wickets,lost,2nd,v Sri Lanka,Christchurch,28-Dec-15,ODI # 3715,Newzealad,5
won,4 wickets,lost,2nd,v Zimbabwe,Sharjah,29-Dec-15,ODI # 3716,Afghanistan,40
won,8 wickets,lost,2nd,v New Zealand,Nelson,31-Dec-15,ODI # 3717,SriLanka,8
lost,8 wickets,won,1st,v Sri Lanka,Nelson,31-Dec-15,ODI # 3717,Newzealad,5
n/r,-,won,2nd,v New Zealand,Nelson,02-Jan-16,ODI # 3718,SriLanka,8
n/r,-,lost,1st,v Sri Lanka,Nelson,02-Jan-16,ODI # 3718,Newzealad,5
lost,117 runs,lost,2nd,v Zimbabwe,Sharjah,02-Jan-16,ODI # 3719,Afghanistan,40
lost,65 runs,lost,2nd,v Zimbabwe,Sharjah,04-Jan-16,ODI # 3720,Afghanistan,40
lost,36 runs,won,2nd,v New Zealand,Mount Maunganui,05-Jan-16,ODI # 3721,SriLanka,8
won,36 runs,lost,1st,v Sri Lanka,Mount Maunganui,05-Jan-16,ODI # 3721,Newzealad,5
won,2 wickets,lost,2nd,v Zimbabwe,Sharjah,06-Jan-16,ODI # 3722,Afghanistan,40
lost,5 wickets,won,1st,v Australia,Perth,12-Jan-16,ODI # 3723,India,6
won,5 wickets,lost,2nd,v India,Perth,12-Jan-16,ODI # 3723,Australia,2
lost,7 wickets,won,1st,v Australia,Brisbane,15-Jan-16,ODI # 3724,India,6
won,7 wickets,lost,2nd,v India,Brisbane,15-Jan-16,ODI # 3724,Australia,2
lost,3 wickets,lost,1st,v Australia,Melbourne,17-Jan-16,ODI # 3725,India,6
won,3 wickets,won,2nd,v India,Melbourne,17-Jan-16,ODI # 3725,Australia,2
lost,25 runs,lost,2nd,v Australia,Canberra,20-Jan-16,ODI # 3726,India,6
won,25 runs,won,1st,v India,Canberra,20-Jan-16,ODI # 3726,Australia,2
won,6 wickets,won,2nd,v Australia,Sydney,23-Jan-16,ODI # 3727,India,6
lost,6 wickets,lost,1st,v India,Sydney,23-Jan-16,ODI # 3727,Australia,2
lost,70 runs,won,2nd,v New Zealand,Wellington,25-Jan-16,ODI # 3728,Pakistan,7
won,70 runs,lost,1st,v Pakistan,Wellington,25-Jan-16,ODI # 3728,Newzealad,5
aban,-,-,-,v New Zealand,Napier,28-Jan-16,ODI # 3729a,Pakistan,7
aban,-,-,-,v Pakistan,Napier,28-Jan-16,ODI # 3729a,Newzealad,5
lost,3 wickets,won,1st,v New Zealand,Auckland,31-Jan-16,ODI # 3730,Pakistan,7
won,3 wickets,lost,2nd,v Pakistan,Auckland,31-Jan-16,ODI # 3730,Newzealad,5
won,159 runs,lost,1st,v Australia,Auckland,03-Feb-16,ODI # 3731,Newzealad,5
lost,159 runs,won,2nd,v New Zealand,Auckland,03-Feb-16,ODI # 3731,Australia,2
lost,39 runs,lost,2nd,v England,Bloemfontein,03-Feb-16,ODI # 3732,SouthAfrica,3
won,39 runs,won,1st,v South Africa,Bloemfontein,03-Feb-16,ODI # 3732,England,1
lost,4 wickets,won,1st,v Australia,Wellington,06-Feb-16,ODI # 3733,Newzealad,5
won,4 wickets,lost,2nd,v New Zealand,Wellington,06-Feb-16,ODI # 3733,Australia,2
lost,5 wickets,won,1st,v England,Port Elizabeth,06-Feb-16,ODI # 3734,SouthAfrica,3
won,5 wickets,lost,2nd,v South Africa,Port Elizabeth,06-Feb-16,ODI # 3734,England,1
won,55 runs,lost,1st,v Australia,Hamilton,08-Feb-16,ODI # 3735,Newzealad,5
lost,55 runs,won,2nd,v New Zealand,Hamilton,08-Feb-16,ODI # 3735,Australia,2
won,7 wickets,lost,2nd,v England,Centurion,09-Feb-16,ODI # 3736,SouthAfrica,3
lost,7 wickets,won,1st,v South Africa,Centurion,09-Feb-16,ODI # 3736,England,1
won,1 wickets,won,2nd,v England,Johannesburg,12-Feb-16,ODI # 3737,SouthAfrica,3
lost,1 wickets,lost,1st,v South Africa,Johannesburg,12-Feb-16,ODI # 3737,England,1
won,5 wickets,won,2nd,v England,Cape Town,14-Feb-16,ODI # 3738,SouthAfrica,3
lost,5 wickets,lost,1st,v South Africa,Cape Town,14-Feb-16,ODI # 3738,England,1
won,4 wickets,lost,2nd,v South Africa,Providence,03-Jun-16,ODI # 3739,WestIndies,4
lost,4 wickets,won,1st,v West Indies,Providence,03-Jun-16,ODI # 3739,SouthAfrica,3
lost,6 wickets,lost,1st,v Australia,Providence,05-Jun-16,ODI # 3740,WestIndies,4
won,6 wickets,won,2nd,v West Indies,Providence,05-Jun-16,ODI # 3740,Australia,2
won,47 runs,won,1st,v Australia,Providence,07-Jun-16,ODI # 3741,SouthAfrica,3
lost,47 runs,lost,2nd,v South Africa,Providence,07-Jun-16,ODI # 3741,Australia,2
won,9 wickets,won,2nd,v Zimbabwe,Harare,11-Jun-16,ODI # 3742,India,6
lost,36 runs,lost,2nd,v Australia,Basseterre,11-Jun-16,ODI # 3743,SouthAfrica,3
won,36 runs,won,1st,v South Africa,Basseterre,11-Jun-16,ODI # 3743,Australia,2
won,8 wickets,won,2nd,v Zimbabwe,Harare,13-Jun-16,ODI # 3744,India,6
won,4 wickets,won,2nd,v Australia,Basseterre,13-Jun-16,ODI # 3745,WestIndies,4
lost,4 wickets,lost,1st,v West Indies,Basseterre,13-Jun-16,ODI # 3745,Australia,2
won,10 wickets,lost,2nd,v Zimbabwe,Harare,15-Jun-16,ODI # 3746,India,6
lost,139 runs,won,2nd,v South Africa,Basseterre,15-Jun-16,ODI # 3747,WestIndies,4
won,139 runs,lost,1st,v West Indies,Basseterre,15-Jun-16,ODI # 3747,SouthAfrica,3
won,76 runs,lost,1st,v Ireland,Dublin (Malahide),16-Jun-16,ODI # 3748,SriLanka,8
won,136 runs,lost,1st,v Ireland,Dublin (Malahide),18-Jun-16,ODI # 3749,SriLanka,8
n/r,-,lost,1st,v Australia,Bridgetown,19-Jun-16,ODI # 3750,SouthAfrica,3
n/r,-,won,2nd,v South Africa,Bridgetown,19-Jun-16,ODI # 3750,Australia,2
tied,-,lost,1st,v England,Nottingham,21-Jun-16,ODI # 3751,SriLanka,8
tied,-,won,2nd,v Sri Lanka,Nottingham,21-Jun-16,ODI # 3751,England,1
lost,6 wickets,lost,1st,v Australia,Bridgetown,21-Jun-16,ODI # 3752,WestIndies,4
won,6 wickets,won,2nd,v West Indies,Bridgetown,21-Jun-16,ODI # 3752,Australia,2
lost,10 wickets,won,1st,v England,Birmingham,24-Jun-16,ODI # 3753,SriLanka,8
won,10 wickets,lost,2nd,v Sri Lanka,Birmingham,24-Jun-16,ODI # 3753,England,1
won,100 runs,lost,1st,v South Africa,Bridgetown,24-Jun-16,ODI # 3754,WestIndies,4
lost,100 runs,won,2nd,v West Indies,Bridgetown,24-Jun-16,ODI # 3754,SouthAfrica,3
n/r,-,lost,1st,v England,Bristol,26-Jun-16,ODI # 3755,SriLanka,8
n/r,-,won,2nd,v Sri Lanka,Bristol,26-Jun-16,ODI # 3755,England,1
lost,58 runs,lost,2nd,v Australia,Bridgetown,26-Jun-16,ODI # 3756,WestIndies,4
won,58 runs,won,1st,v West Indies,Bridgetown,26-Jun-16,ODI # 3756,Australia,2
lost,6 wickets,lost,1st,v England,The Oval,29-Jun-16,ODI # 3757,SriLanka,8
won,6 wickets,won,2nd,v Sri Lanka,The Oval,29-Jun-16,ODI # 3757,England,1
lost,122 runs,won,2nd,v England,Cardiff,02-Jul-16,ODI # 3758,SriLanka,8
won,122 runs,lost,1st,v Sri Lanka,Cardiff,02-Jul-16,ODI # 3758,England,1
n/r,-,lost,1st,v Scotland,Edinburgh,04-Jul-16,ODI # 3759,Afghanistan,40
won,78 runs,won,1st,v Scotland,Edinburgh,06-Jul-16,ODI # 3760,Afghanistan,40
aban,-,-,-,v Ireland,Belfast,10-Jul-16,ODI # 3760a,Afghanistan,40
won,39 runs,lost,1st,v Ireland,Belfast,12-Jul-16,ODI # 3761,Afghanistan,40
lost,6 wickets,won,1st,v Ireland,Belfast,14-Jul-16,ODI # 3762,Afghanistan,40
won,79 runs,won,1st,v Ireland,Belfast,17-Jul-16,ODI # 3763,Afghanistan,40
lost,12 runs,won,2nd,v Ireland,Belfast,19-Jul-16,ODI # 3764,Afghanistan,40
won,255 runs,lost,1st,v Ireland,Dublin (Malahide),18-Aug-16,ODI # 3767,Pakistan,7
aban,-,-,-,v Ireland,Dublin (Malahide),20-Aug-16,ODI # 3767a,Pakistan,7
lost,3 wickets,lost,1st,v Australia,Colombo (RPS),21-Aug-16,ODI # 3768,SriLanka,8
won,3 wickets,won,2nd,v Sri Lanka,Colombo (RPS),21-Aug-16,ODI # 3768,Australia,2
won,82 runs,won,1st,v Australia,Colombo (RPS),24-Aug-16,ODI # 3769,SriLanka,8
lost,82 runs,lost,2nd,v Sri Lanka,Colombo (RPS),24-Aug-16,ODI # 3769,Australia,2
lost,44 runs,won,1st,v England,Southampton,24-Aug-16,ODI # 3770,Pakistan,7
won,44 runs,lost,2nd,v Pakistan,Southampton,24-Aug-16,ODI # 3770,England,1
lost,4 wickets,won,1st,v England,Lord's,27-Aug-16,ODI # 3771,Pakistan,7
won,4 wickets,lost,2nd,v Pakistan,Lord's,27-Aug-16,ODI # 3771,England,1
lost,2 wickets,won,1st,v Australia,Dambulla,28-Aug-16,ODI # 3772,SriLanka,8
won,2 wickets,lost,2nd,v Sri Lanka,Dambulla,28-Aug-16,ODI # 3772,Australia,2
lost,169 runs,lost,2nd,v England,Nottingham,30-Aug-16,ODI # 3773,Pakistan,7
won,169 runs,won,1st,v Pakistan,Nottingham,30-Aug-16,ODI # 3773,England,1
lost,6 wickets,won,1st,v Australia,Dambulla,31-Aug-16,ODI # 3774,SriLanka,8
won,6 wickets,lost,2nd,v Sri Lanka,Dambulla,31-Aug-16,ODI # 3774,Australia,2
lost,4 wickets,won,1st,v England,Leeds,01-Sep-16,ODI # 3775,Pakistan,7
won,4 wickets,lost,2nd,v Pakistan,Leeds,01-Sep-16,ODI # 3775,England,1
lost,5 wickets,won,1st,v Australia,Pallekele,04-Sep-16,ODI # 3776,SriLanka,8
won,5 wickets,lost,2nd,v Sri Lanka,Pallekele,04-Sep-16,ODI # 3776,Australia,2
won,4 wickets,won,2nd,v England,Cardiff,04-Sep-16,ODI # 3777,Pakistan,7
lost,4 wickets,lost,1st,v Pakistan,Cardiff,04-Sep-16,ODI # 3777,England,1
won,206 runs,lost,1st,v Ireland,Benoni,25-Sep-16,ODI # 3780,SouthAfrica,3
won,7 runs,won,1st,v Afghanistan,Dhaka,25-Sep-16,ODI # 3781,Bangladesh,25
lost,7 runs,lost,2nd,v Bangladesh,Dhaka,25-Sep-16,ODI # 3781,Afghanistan,40
won,9 wickets,lost,2nd,v Ireland,Benoni,27-Sep-16,ODI # 3782,Australia,2
lost,2 wickets,lost,1st,v Afghanistan,Dhaka,28-Sep-16,ODI # 3783,Bangladesh,25
won,2 wickets,won,2nd,v Bangladesh,Dhaka,28-Sep-16,ODI # 3783,Afghanistan,40
lost,111 runs,won,2nd,v Pakistan,Sharjah,30-Sep-16,ODI # 3784,WestIndies,4
won,111 runs,lost,1st,v West Indies,Sharjah,30-Sep-16,ODI # 3784,Pakistan,7
won,6 wickets,won,2nd,v Australia,Centurion,30-Sep-16,ODI # 3785,SouthAfrica,3
lost,6 wickets,lost,1st,v South Africa,Centurion,30-Sep-16,ODI # 3785,Australia,2
won,141 runs,won,1st,v Afghanistan,Dhaka,01-Oct-16,ODI # 3786,Bangladesh,25
lost,141 runs,lost,2nd,v Bangladesh,Dhaka,01-Oct-16,ODI # 3786,Afghanistan,40
won,142 runs,lost,1st,v Australia,Johannesburg,02-Oct-16,ODI # 3787,SouthAfrica,3
lost,142 runs,won,2nd,v South Africa,Johannesburg,02-Oct-16,ODI # 3787,Australia,2
lost,59 runs,lost,2nd,v Pakistan,Sharjah,02-Oct-16,ODI # 3788,WestIndies,4
won,59 runs,won,1st,v West Indies,Sharjah,02-Oct-16,ODI # 3788,Pakistan,7
lost,136 runs,lost,2nd,v Pakistan,Abu Dhabi,05-Oct-16,ODI # 3789,WestIndies,4
won,136 runs,won,1st,v West Indies,Abu Dhabi,05-Oct-16,ODI # 3789,Pakistan,7
won,4 wickets,lost,2nd,v Australia,Durban,05-Oct-16,ODI # 3790,SouthAfrica,3
lost,4 wickets,won,1st,v South Africa,Durban,05-Oct-16,ODI # 3790,Australia,2
won,21 runs,won,1st,v Bangladesh,Dhaka,07-Oct-16,ODI # 3791,England,1
lost,21 runs,lost,2nd,v England,Dhaka,07-Oct-16,ODI # 3791,Bangladesh,25
won,6 wickets,lost,2nd,v Australia,Port Elizabeth,09-Oct-16,ODI # 3792,SouthAfrica,3
lost,6 wickets,won,1st,v South Africa,Port Elizabeth,09-Oct-16,ODI # 3792,Australia,2
lost,34 runs,won,2nd,v Bangladesh,Dhaka,09-Oct-16,ODI # 3793,England,1
won,34 runs,lost,1st,v England,Dhaka,09-Oct-16,ODI # 3793,Bangladesh,25
won,4 wickets,won,2nd,v Bangladesh,Chattogram,12-Oct-16,ODI # 3794,England,1
lost,4 wickets,lost,1st,v England,Chattogram,12-Oct-16,ODI # 3794,Bangladesh,25
won,31 runs,won,1st,v Australia,Cape Town,12-Oct-16,ODI # 3795,SouthAfrica,3
lost,31 runs,lost,2nd,v South Africa,Cape Town,12-Oct-16,ODI # 3795,Australia,2
lost,6 wickets,lost,1st,v India,Dharamsala,16-Oct-16,ODI # 3796,Newzealad,5
won,6 wickets,won,2nd,v New Zealand,Dharamsala,16-Oct-16,ODI # 3796,India,6
won,6 runs,lost,1st,v India,Delhi,20-Oct-16,ODI # 3797,Newzealad,5
lost,6 runs,won,2nd,v New Zealand,Delhi,20-Oct-16,ODI # 3797,India,6
lost,7 wickets,lost,1st,v India,Mohali,23-Oct-16,ODI # 3798,Newzealad,5
won,7 wickets,won,2nd,v New Zealand,Mohali,23-Oct-16,ODI # 3798,India,6
won,19 runs,won,1st,v India,Ranchi,26-Oct-16,ODI # 3799,Newzealad,5
lost,19 runs,lost,2nd,v New Zealand,Ranchi,26-Oct-16,ODI # 3799,India,6
lost,190 runs,lost,2nd,v India,Visakhapatnam,29-Oct-16,ODI # 3800,Newzealad,5
won,190 runs,won,1st,v New Zealand,Visakhapatnam,29-Oct-16,ODI # 3800,India,6
won,8 wickets,won,2nd,v Zimbabwe,Harare,14-Nov-16,ODI # 3804,SriLanka,8
won,62 runs,lost,1st,v Sri Lanka,Harare,16-Nov-16,ODI # 3805,WestIndies,4
lost,62 runs,won,2nd,v West Indies,Harare,16-Nov-16,ODI # 3805,SriLanka,8
tied,-,lost,2nd,v Zimbabwe,Bulawayo,19-Nov-16,ODI # 3806,WestIndies,4
n/r,-,lost,2nd,v Zimbabwe,Bulawayo,21-Nov-16,ODI # 3807,SriLanka,8
lost,1 runs,won,2nd,v Sri Lanka,Bulawayo,23-Nov-16,ODI # 3808,WestIndies,4
won,1 runs,lost,1st,v West Indies,Bulawayo,23-Nov-16,ODI # 3808,SriLanka,8
lost,5 runs,lost,2nd,v Zimbabwe,Bulawayo,25-Nov-16,ODI # 3809,WestIndies,4
won,6 wickets,lost,2nd,v Zimbabwe,Bulawayo,27-Nov-16,ODI # 3810,SriLanka,8
lost,68 runs,lost,2nd,v Australia,Sydney,04-Dec-16,ODI # 3811,Newzealad,5
won,68 runs,won,1st,v New Zealand,Sydney,04-Dec-16,ODI # 3811,Australia,2
lost,116 runs,won,2nd,v Australia,Canberra,06-Dec-16,ODI # 3812,Newzealad,5
won,116 runs,lost,1st,v New Zealand,Canberra,06-Dec-16,ODI # 3812,Australia,2
lost,117 runs,lost,2nd,v Australia,Melbourne,09-Dec-16,ODI # 3813,Newzealad,5
won,117 runs,won,1st,v New Zealand,Melbourne,09-Dec-16,ODI # 3813,Australia,2
won,77 runs,won,1st,v Bangladesh,Christchurch,26-Dec-16,ODI # 3814,Newzealad,5
lost,77 runs,lost,2nd,v New Zealand,Christchurch,26-Dec-16,ODI # 3814,Bangladesh,25
won,67 runs,lost,1st,v Bangladesh,Nelson,29-Dec-16,ODI # 3815,Newzealad,5
lost,67 runs,won,2nd,v New Zealand,Nelson,29-Dec-16,ODI # 3815,Bangladesh,25
won,8 wickets,lost,2nd,v Bangladesh,Nelson,31-Dec-16,ODI # 3816,Newzealad,5
lost,8 wickets,won,1st,v New Zealand,Nelson,31-Dec-16,ODI # 3816,Bangladesh,25
lost,92 runs,lost,2nd,v Australia,Brisbane,13-Jan-17,ODI # 3817,Pakistan,7
won,92 runs,won,1st,v Pakistan,Brisbane,13-Jan-17,ODI # 3817,Australia,2
won,6 wickets,lost,2nd,v Australia,Melbourne,15-Jan-17,ODI # 3818,Pakistan,7
lost,6 wickets,won,1st,v Pakistan,Melbourne,15-Jan-17,ODI # 3818,Australia,2
won,3 wickets,won,2nd,v England,Pune,15-Jan-17,ODI # 3819,India,6
lost,3 wickets,lost,1st,v India,Pune,15-Jan-17,ODI # 3819,England,1
lost,7 wickets,lost,1st,v Australia,Perth,19-Jan-17,ODI # 3820,Pakistan,7
won,7 wickets,won,2nd,v Pakistan,Perth,19-Jan-17,ODI # 3820,Australia,2
won,15 runs,lost,1st,v England,Cuttack,19-Jan-17,ODI # 3821,India,6
lost,15 runs,won,2nd,v India,Cuttack,19-Jan-17,ODI # 3821,England,1
lost,86 runs,lost,2nd,v Australia,Sydney,22-Jan-17,ODI # 3822,Pakistan,7
won,86 runs,won,1st,v Pakistan,Sydney,22-Jan-17,ODI # 3822,Australia,2
lost,5 runs,won,2nd,v England,Kolkata,22-Jan-17,ODI # 3824,India,6
won,5 runs,lost,1st,v India,Kolkata,22-Jan-17,ODI # 3824,England,1
lost,57 runs,lost,2nd,v Australia,Adelaide,26-Jan-17,ODI # 3826,Pakistan,7
won,57 runs,won,1st,v Pakistan,Adelaide,26-Jan-17,ODI # 3826,Australia,2
lost,8 wickets,lost,1st,v South Africa,Port Elizabeth,28-Jan-17,ODI # 3828,SriLanka,8
won,8 wickets,won,2nd,v Sri Lanka,Port Elizabeth,28-Jan-17,ODI # 3828,SouthAfrica,3
won,6 runs,lost,1st,v Australia,Auckland,30-Jan-17,ODI # 3829,Newzealad,5
lost,6 runs,won,2nd,v New Zealand,Auckland,30-Jan-17,ODI # 3829,Australia,2
lost,121 runs,won,2nd,v South Africa,Durban,01-Feb-17,ODI # 3830,SriLanka,8
won,121 runs,lost,1st,v Sri Lanka,Durban,01-Feb-17,ODI # 3830,SouthAfrica,3
aban,-,-,-,v Australia,Napier,02-Feb-17,ODI # 3830a,Newzealad,5
aban,-,-,-,v New Zealand,Napier,02-Feb-17,ODI # 3830a,Australia,2
lost,7 wickets,lost,1st,v South Africa,Johannesburg,04-Feb-17,ODI # 3831,SriLanka,8
won,7 wickets,won,2nd,v Sri Lanka,Johannesburg,04-Feb-17,ODI # 3831,SouthAfrica,3
won,24 runs,won,1st,v Australia,Hamilton,05-Feb-17,ODI # 3832,Newzealad,5
lost,24 runs,lost,2nd,v New Zealand,Hamilton,05-Feb-17,ODI # 3832,Australia,2
lost,40 runs,lost,2nd,v South Africa,Cape Town,07-Feb-17,ODI # 3833,SriLanka,8
won,40 runs,won,1st,v Sri Lanka,Cape Town,07-Feb-17,ODI # 3833,SouthAfrica,3
lost,88 runs,won,2nd,v South Africa,Centurion,10-Feb-17,ODI # 3834,SriLanka,8
won,88 runs,lost,1st,v Sri Lanka,Centurion,10-Feb-17,ODI # 3834,SouthAfrica,3
won,12 runs,won,1st,v Zimbabwe,Harare,16-Feb-17,ODI # 3835,Afghanistan,40
won,4 wickets,won,2nd,v New Zealand,Hamilton,19-Feb-17,ODI # 3836,SouthAfrica,3
lost,4 wickets,lost,1st,v South Africa,Hamilton,19-Feb-17,ODI # 3836,Newzealad,5
won,54 runs,won,1st,v Zimbabwe,Harare,19-Feb-17,ODI # 3837,Afghanistan,40
lost,3 runs,lost,2nd,v Zimbabwe,Harare,21-Feb-17,ODI # 3838,Afghanistan,40
lost,6 runs,won,2nd,v New Zealand,Christchurch,22-Feb-17,ODI # 3839,SouthAfrica,3
won,6 runs,lost,1st,v South Africa,Christchurch,22-Feb-17,ODI # 3839,Newzealad,5
lost,7 wickets,won,1st,v Zimbabwe,Harare,24-Feb-17,ODI # 3840,Afghanistan,40
won,159 runs,won,1st,v New Zealand,Wellington,25-Feb-17,ODI # 3841,SouthAfrica,3
lost,159 runs,lost,2nd,v South Africa,Wellington,25-Feb-17,ODI # 3841,Newzealad,5
won,106 runs,won,1st,v Zimbabwe,Harare,26-Feb-17,ODI # 3842,Afghanistan,40
lost,7 wickets,won,1st,v New Zealand,Hamilton,01-Mar-17,ODI # 3843,SouthAfrica,3
won,7 wickets,lost,2nd,v South Africa,Hamilton,01-Mar-17,ODI # 3843,Newzealad,5
lost,45 runs,won,2nd,v England,North Sound,03-Mar-17,ODI # 3845,WestIndies,4
won,45 runs,lost,1st,v West Indies,North Sound,03-Mar-17,ODI # 3845,England,1
won,6 wickets,won,2nd,v New Zealand,Auckland,04-Mar-17,ODI # 3846,SouthAfrica,3
lost,6 wickets,lost,1st,v South Africa,Auckland,04-Mar-17,ODI # 3846,Newzealad,5
lost,4 wickets,won,1st,v England,North Sound,05-Mar-17,ODI # 3848,WestIndies,4
won,4 wickets,lost,2nd,v West Indies,North Sound,05-Mar-17,ODI # 3848,England,1
lost,186 runs,won,2nd,v England,Bridgetown,09-Mar-17,ODI # 3849,WestIndies,4
won,186 runs,lost,1st,v West Indies,Bridgetown,09-Mar-17,ODI # 3849,England,1
won,30 runs,won,1st,v Ireland,Greater Noida,15-Mar-17,ODI # 3850,Afghanistan,40
won,34 runs,won,1st,v Ireland,Greater Noida,17-Mar-17,ODI # 3851,Afghanistan,40
lost,6 wickets,won,1st,v Ireland,Greater Noida,19-Mar-17,ODI # 3852,Afghanistan,40
lost,3 wickets,won,1st,v Ireland,Greater Noida,22-Mar-17,ODI # 3853,Afghanistan,40
won,7 wickets,lost,2nd,v Ireland,Greater Noida,24-Mar-17,ODI # 3854,Afghanistan,40
lost,90 runs,won,2nd,v Bangladesh,Dambulla,25-Mar-17,ODI # 3855,SriLanka,8
won,90 runs,lost,1st,v Sri Lanka,Dambulla,25-Mar-17,ODI # 3855,Bangladesh,25
n/r,-,won,1st,v Bangladesh,Dambulla,28-Mar-17,ODI # 3856,SriLanka,8
n/r,-,lost,2nd,v Sri Lanka,Dambulla,28-Mar-17,ODI # 3856,Bangladesh,25
won,70 runs,lost,1st,v Bangladesh,Colombo (SSC),01-Apr-17,ODI # 3858,SriLanka,8
lost,70 runs,won,2nd,v Sri Lanka,Colombo (SSC),01-Apr-17,ODI # 3858,Bangladesh,25
won,4 wickets,won,2nd,v Pakistan,Providence,07-Apr-17,ODI # 3861,WestIndies,4
lost,4 wickets,lost,1st,v West Indies,Providence,07-Apr-17,ODI # 3861,Pakistan,7
lost,74 runs,won,2nd,v Pakistan,Providence,09-Apr-17,ODI # 3862,WestIndies,4
won,74 runs,lost,1st,v West Indies,Providence,09-Apr-17,ODI # 3862,Pakistan,7
lost,6 wickets,won,1st,v Pakistan,Providence,11-Apr-17,ODI # 3863,WestIndies,4
won,6 wickets,lost,2nd,v West Indies,Providence,11-Apr-17,ODI # 3863,Pakistan,7
won,7 wickets,lost,2nd,v Ireland,Bristol,05-May-17,ODI # 3864,England,1
won,85 runs,lost,1st,v Ireland,Lord's,07-May-17,ODI # 3865,England,1
n/r,-,lost,1st,v Ireland,Dublin (Malahide),12-May-17,ODI # 3866,Bangladesh,25
won,51 runs,lost,1st,v Ireland,Dublin (Malahide),14-May-17,ODI # 3867,Newzealad,5
won,4 wickets,won,2nd,v Bangladesh,Dublin,17-May-17,ODI # 3868,Newzealad,5
lost,4 wickets,lost,1st,v New Zealand,Dublin,17-May-17,ODI # 3868,Bangladesh,25
won,8 wickets,won,2nd,v Ireland,Dublin (Malahide),19-May-17,ODI # 3869,Bangladesh,25
won,190 runs,lost,1st,v Ireland,Dublin (Malahide),21-May-17,ODI # 3870,Newzealad,5
lost,5 wickets,lost,1st,v Bangladesh,Dublin,24-May-17,ODI # 3871,Newzealad,5
won,5 wickets,won,2nd,v New Zealand,Dublin,24-May-17,ODI # 3871,Bangladesh,25
lost,72 runs,won,2nd,v England,Leeds,24-May-17,ODI # 3872,SouthAfrica,3
won,72 runs,lost,1st,v South Africa,Leeds,24-May-17,ODI # 3872,England,1
lost,2 runs,won,2nd,v England,Southampton,27-May-17,ODI # 3873,SouthAfrica,3
won,2 runs,lost,1st,v South Africa,Southampton,27-May-17,ODI # 3873,England,1
won,7 wickets,won,2nd,v England,Lord's,29-May-17,ODI # 3874,SouthAfrica,3
lost,7 wickets,lost,1st,v South Africa,Lord's,29-May-17,ODI # 3874,England,1
won,8 wickets,won,2nd,v Bangladesh,The Oval,01-Jun-17,ODI # 3875,England,1
lost,8 wickets,lost,1st,v England,The Oval,01-Jun-17,ODI # 3875,Bangladesh,25
n/r,-,won,1st,v Australia,Birmingham,02-Jun-17,ODI # 3876,Newzealad,5
n/r,-,lost,2nd,v New Zealand,Birmingham,02-Jun-17,ODI # 3876,Australia,2
lost,96 runs,won,2nd,v South Africa,The Oval,03-Jun-17,ODI # 3877,SriLanka,8
won,96 runs,lost,1st,v Sri Lanka,The Oval,03-Jun-17,ODI # 3877,SouthAfrica,3
lost,124 runs,won,2nd,v India,Birmingham,04-Jun-17,ODI # 3878,Pakistan,7
won,124 runs,lost,1st,v Pakistan,Birmingham,04-Jun-17,ODI # 3878,India,6
n/r,-,won,1st,v Australia,The Oval,05-Jun-17,ODI # 3879,Bangladesh,25
n/r,-,lost,2nd,v Bangladesh,The Oval,05-Jun-17,ODI # 3879,Australia,2
lost,87 runs,won,2nd,v England,Cardiff,06-Jun-17,ODI # 3880,Newzealad,5
won,87 runs,lost,1st,v New Zealand,Cardiff,06-Jun-17,ODI # 3880,England,1
lost,19 runs,won,1st,v Pakistan,Birmingham,07-Jun-17,ODI # 3881,SouthAfrica,3
won,19 runs,lost,2nd,v South Africa,Birmingham,07-Jun-17,ODI # 3881,Pakistan,7
won,7 wickets,won,2nd,v India,The Oval,08-Jun-17,ODI # 3882,SriLanka,8
lost,7 wickets,lost,1st,v Sri Lanka,The Oval,08-Jun-17,ODI # 3882,India,6
lost,5 wickets,won,1st,v Bangladesh,Cardiff,09-Jun-17,ODI # 3883,Newzealad,5
won,5 wickets,lost,2nd,v New Zealand,Cardiff,09-Jun-17,ODI # 3883,Bangladesh,25
lost,63 runs,lost,2nd,v Afghanistan,Gros Islet,09-Jun-17,ODI # 3884,WestIndies,4
won,63 runs,won,1st,v West Indies,Gros Islet,09-Jun-17,ODI # 3884,Afghanistan,40
won,40 runs,won,2nd,v Australia,Birmingham,10-Jun-17,ODI # 3885,England,1
lost,40 runs,lost,1st,v England,Birmingham,10-Jun-17,ODI # 3885,Australia,2
lost,8 wickets,lost,1st,v India,The Oval,11-Jun-17,ODI # 3886,SouthAfrica,3
won,8 wickets,won,2nd,v South Africa,The Oval,11-Jun-17,ODI # 3886,India,6
won,4 wickets,lost,2nd,v Afghanistan,Gros Islet,11-Jun-17,ODI # 3887,WestIndies,4
lost,4 wickets,won,1st,v West Indies,Gros Islet,11-Jun-17,ODI # 3887,Afghanistan,40
lost,3 wickets,lost,1st,v Pakistan,Cardiff,12-Jun-17,ODI # 3888,SriLanka,8
won,3 wickets,won,2nd,v Sri Lanka,Cardiff,12-Jun-17,ODI # 3888,Pakistan,7
won,8 wickets,won,2nd,v England,Cardiff,14-Jun-17,ODI # 3889,Pakistan,7
lost,8 wickets,lost,1st,v Pakistan,Cardiff,14-Jun-17,ODI # 3889,England,1
n/r,-,lost,-,v Afghanistan,Gros Islet,14-Jun-17,ODI # 3890,WestIndies,4
n/r,-,won,-,v West Indies,Gros Islet,14-Jun-17,ODI # 3890,Afghanistan,40
won,9 wickets,won,2nd,v Bangladesh,Birmingham,15-Jun-17,ODI # 3891,India,6
lost,9 wickets,lost,1st,v India,Birmingham,15-Jun-17,ODI # 3891,Bangladesh,25
won,180 runs,lost,1st,v India,The Oval,18-Jun-17,ODI # 3894,Pakistan,7
lost,180 runs,won,2nd,v Pakistan,The Oval,18-Jun-17,ODI # 3894,India,6
n/r,-,won,2nd,v India,Port of Spain,23-Jun-17,ODI # 3895,WestIndies,4
n/r,-,lost,1st,v West Indies,Port of Spain,23-Jun-17,ODI # 3895,India,6
lost,105 runs,won,2nd,v India,Port of Spain,25-Jun-17,ODI # 3896,WestIndies,4
won,105 runs,lost,1st,v West Indies,Port of Spain,25-Jun-17,ODI # 3896,India,6
lost,6 wickets,won,1st,v Zimbabwe,Galle,30-Jun-17,ODI # 3897,SriLanka,8
lost,93 runs,won,2nd,v India,North Sound,30-Jun-17,ODI # 3898,WestIndies,4
won,93 runs,lost,1st,v West Indies,North Sound,30-Jun-17,ODI # 3898,India,6
won,7 wickets,won,2nd,v Zimbabwe,Galle,02-Jul-17,ODI # 3899,SriLanka,8
won,11 runs,won,1st,v India,North Sound,02-Jul-17,ODI # 3900,WestIndies,4
lost,11 runs,lost,2nd,v West Indies,North Sound,02-Jul-17,ODI # 3900,India,6
won,8 wickets,won,2nd,v Zimbabwe,Hambantota,06-Jul-17,ODI # 3901,SriLanka,8
lost,8 wickets,won,1st,v India,Kingston,06-Jul-17,ODI # 3902,WestIndies,4
won,8 wickets,lost,2nd,v West Indies,Kingston,06-Jul-17,ODI # 3902,India,6
lost,4 wickets,won,1st,v Zimbabwe,Hambantota,08-Jul-17,ODI # 3903,SriLanka,8
lost,3 wickets,lost,1st,v Zimbabwe,Hambantota,10-Jul-17,ODI # 3904,SriLanka,8
lost,9 wickets,lost,1st,v India,Dambulla,20-Aug-17,ODI # 3905,SriLanka,8
won,9 wickets,won,2nd,v Sri Lanka,Dambulla,20-Aug-17,ODI # 3905,India,6
lost,3 wickets,lost,1st,v India,Pallekele,24-Aug-17,ODI # 3906,SriLanka,8
won,3 wickets,won,2nd,v Sri Lanka,Pallekele,24-Aug-17,ODI # 3906,India,6
lost,6 wickets,won,1st,v India,Pallekele,27-Aug-17,ODI # 3907,SriLanka,8
won,6 wickets,lost,2nd,v Sri Lanka,Pallekele,27-Aug-17,ODI # 3907,India,6
lost,168 runs,lost,2nd,v India,Colombo (RPS),31-Aug-17,ODI # 3908,SriLanka,8
won,168 runs,won,1st,v Sri Lanka,Colombo (RPS),31-Aug-17,ODI # 3908,India,6
lost,6 wickets,won,1st,v India,Colombo (RPS),03-Sep-17,ODI # 3909,SriLanka,8
won,6 wickets,lost,2nd,v Sri Lanka,Colombo (RPS),03-Sep-17,ODI # 3909,India,6
aban,-,-,-,v Ireland,Belfast,13-Sep-17,ODI # 3909a,WestIndies,4
won,26 runs,won,1st,v Australia,Chennai,17-Sep-17,ODI # 3910,India,6
lost,26 runs,lost,2nd,v India,Chennai,17-Sep-17,ODI # 3910,Australia,2
lost,7 wickets,won,1st,v England,Manchester,19-Sep-17,ODI # 3911,WestIndies,4
won,7 wickets,lost,2nd,v West Indies,Manchester,19-Sep-17,ODI # 3911,England,1
won,50 runs,won,1st,v Australia,Kolkata,21-Sep-17,ODI # 3912,India,6
lost,50 runs,lost,2nd,v India,Kolkata,21-Sep-17,ODI # 3912,Australia,2
n/r,-,won,2nd,v England,Nottingham,21-Sep-17,ODI # 3913,WestIndies,4
n/r,-,lost,1st,v West Indies,Nottingham,21-Sep-17,ODI # 3913,England,1
won,5 wickets,lost,2nd,v Australia,Indore,24-Sep-17,ODI # 3914,India,6
lost,5 wickets,won,1st,v India,Indore,24-Sep-17,ODI # 3914,Australia,2
lost,124 runs,won,2nd,v England,Bristol,24-Sep-17,ODI # 3915,WestIndies,4
won,124 runs,lost,1st,v West Indies,Bristol,24-Sep-17,ODI # 3915,England,1
lost,6 runs,lost,1st,v England,The Oval,27-Sep-17,ODI # 3916,WestIndies,4
won,6 runs,won,2nd,v West Indies,The Oval,27-Sep-17,ODI # 3916,England,1
lost,21 runs,lost,2nd,v Australia,Bengaluru,28-Sep-17,ODI # 3917,India,6
won,21 runs,won,1st,v India,Bengaluru,28-Sep-17,ODI # 3917,Australia,2
lost,9 wickets,lost,1st,v England,Southampton,29-Sep-17,ODI # 3918,WestIndies,4
won,9 wickets,won,2nd,v West Indies,Southampton,29-Sep-17,ODI # 3918,England,1
won,7 wickets,lost,2nd,v Australia,Nagpur,01-Oct-17,ODI # 3919,India,6
lost,7 wickets,won,1st,v India,Nagpur,01-Oct-17,ODI # 3919,Australia,2
lost,83 runs,won,2nd,v Pakistan,Dubai (DSC),13-Oct-17,ODI # 3922,SriLanka,8
won,83 runs,lost,1st,v Sri Lanka,Dubai (DSC),13-Oct-17,ODI # 3922,Pakistan,7
won,10 wickets,lost,2nd,v Bangladesh,Kimberley,15-Oct-17,ODI # 3923,SouthAfrica,3
lost,10 wickets,won,1st,v South Africa,Kimberley,15-Oct-17,ODI # 3923,Bangladesh,25
lost,32 runs,lost,2nd,v Pakistan,Abu Dhabi,16-Oct-17,ODI # 3924,SriLanka,8
won,32 runs,won,1st,v Sri Lanka,Abu Dhabi,16-Oct-17,ODI # 3924,Pakistan,7
won,104 runs,lost,1st,v Bangladesh,Paarl,18-Oct-17,ODI # 3925,SouthAfrica,3
lost,104 runs,won,2nd,v South Africa,Paarl,18-Oct-17,ODI # 3925,Bangladesh,25
lost,7 wickets,won,1st,v Pakistan,Abu Dhabi,18-Oct-17,ODI # 3926,SriLanka,8
won,7 wickets,lost,2nd,v Sri Lanka,Abu Dhabi,18-Oct-17,ODI # 3926,Pakistan,7
lost,7 wickets,won,1st,v Pakistan,Sharjah,20-Oct-17,ODI # 3927,SriLanka,8
won,7 wickets,lost,2nd,v Sri Lanka,Sharjah,20-Oct-17,ODI # 3927,Pakistan,7
won,6 wickets,lost,2nd,v India,Mumbai,22-Oct-17,ODI # 3928,Newzealad,5
lost,6 wickets,won,1st,v New Zealand,Mumbai,22-Oct-17,ODI # 3928,India,6
won,200 runs,won,1st,v Bangladesh,East London,22-Oct-17,ODI # 3929,SouthAfrica,3
lost,200 runs,lost,2nd,v South Africa,East London,22-Oct-17,ODI # 3929,Bangladesh,25
lost,9 wickets,won,1st,v Pakistan,Sharjah,23-Oct-17,ODI # 3930,SriLanka,8
won,9 wickets,lost,2nd,v Sri Lanka,Sharjah,23-Oct-17,ODI # 3930,Pakistan,7
lost,6 wickets,won,1st,v India,Pune,25-Oct-17,ODI # 3931,Newzealad,5
won,6 wickets,lost,2nd,v New Zealand,Pune,25-Oct-17,ODI # 3931,India,6
lost,6 runs,won,2nd,v India,Kanpur,29-Oct-17,ODI # 3932,Newzealad,5
won,6 runs,lost,1st,v New Zealand,Kanpur,29-Oct-17,ODI # 3932,India,6
won,138 runs,lost,1st,v Ireland,Sharjah,05-Dec-17,ODI # 3935,Afghanistan,40
lost,51 runs,lost,2nd,v Ireland,Sharjah,07-Dec-17,ODI # 3937,Afghanistan,40
won,7 wickets,won,2nd,v India,Dharamsala,10-Dec-17,ODI # 3939,SriLanka,8
lost,7 wickets,lost,1st,v Sri Lanka,Dharamsala,10-Dec-17,ODI # 3939,India,6
lost,5 wickets,won,1st,v Ireland,Sharjah,10-Dec-17,ODI # 3940,Afghanistan,40
lost,141 runs,won,2nd,v India,Mohali,13-Dec-17,ODI # 3941,SriLanka,8
won,141 runs,lost,1st,v Sri Lanka,Mohali,13-Dec-17,ODI # 3941,India,6
lost,8 wickets,lost,1st,v India,Visakhapatnam,17-Dec-17,ODI # 3942,SriLanka,8
won,8 wickets,won,2nd,v Sri Lanka,Visakhapatnam,17-Dec-17,ODI # 3942,India,6
lost,5 wickets,lost,1st,v New Zealand,Whangarei,20-Dec-17,ODI # 3943,WestIndies,4
won,5 wickets,won,2nd,v West Indies,Whangarei,20-Dec-17,ODI # 3943,Newzealad,5
lost,204 runs,won,2nd,v New Zealand,Christchurch,23-Dec-17,ODI # 3944,WestIndies,4
won,204 runs,lost,1st,v West Indies,Christchurch,23-Dec-17,ODI # 3944,Newzealad,5
lost,66 runs,lost,2nd,v New Zealand,Christchurch,26-Dec-17,ODI # 3945,WestIndies,4
won,66 runs,won,1st,v West Indies,Christchurch,26-Dec-17,ODI # 3945,Newzealad,5
lost,61 runs,won,2nd,v New Zealand,Wellington,06-Jan-18,ODI # 3946,Pakistan,7
won,61 runs,lost,1st,v Pakistan,Wellington,06-Jan-18,ODI # 3946,Newzealad,5
lost,8 wickets,won,1st,v New Zealand,Nelson,09-Jan-18,ODI # 3947,Pakistan,7
won,8 wickets,lost,2nd,v Pakistan,Nelson,09-Jan-18,ODI # 3947,Newzealad,5
lost,183 runs,lost,2nd,v New Zealand,Dunedin,13-Jan-18,ODI # 3949,Pakistan,7
won,183 runs,won,1st,v Pakistan,Dunedin,13-Jan-18,ODI # 3949,Newzealad,5
won,5 wickets,won,2nd,v Australia,Melbourne,14-Jan-18,ODI # 3951,England,1
lost,5 wickets,lost,1st,v England,Melbourne,14-Jan-18,ODI # 3951,Australia,2
won,8 wickets,won,2nd,v Zimbabwe,Dhaka,15-Jan-18,ODI # 3952,Bangladesh,25
lost,5 wickets,won,1st,v New Zealand,Hamilton,16-Jan-18,ODI # 3953,Pakistan,7
won,5 wickets,lost,2nd,v Pakistan,Hamilton,16-Jan-18,ODI # 3953,Newzealad,5
lost,12 runs,won,2nd,v Zimbabwe,Dhaka,17-Jan-18,ODI # 3955,SriLanka,8
lost,15 runs,lost,2nd,v New Zealand,Wellington,19-Jan-18,ODI # 3957,Pakistan,7
won,15 runs,won,1st,v Pakistan,Wellington,19-Jan-18,ODI # 3957,Newzealad,5
won,4 wickets,lost,2nd,v Australia,Brisbane,19-Jan-18,ODI # 3958,England,1
lost,4 wickets,won,1st,v England,Brisbane,19-Jan-18,ODI # 3958,Australia,2
lost,163 runs,lost,2nd,v Bangladesh,Dhaka,19-Jan-18,ODI # 3959,SriLanka,8
won,163 runs,won,1st,v Sri Lanka,Dhaka,19-Jan-18,ODI # 3959,Bangladesh,25
won,16 runs,lost,1st,v Australia,Sydney,21-Jan-18,ODI # 3960,England,1
lost,16 runs,won,2nd,v England,Sydney,21-Jan-18,ODI # 3960,Australia,2
won,5 wickets,lost,2nd,v Zimbabwe,Dhaka,21-Jan-18,ODI # 3962,SriLanka,8
won,91 runs,won,1st,v Zimbabwe,Dhaka,23-Jan-18,ODI # 3964,Bangladesh,25
won,10 wickets,lost,2nd,v Bangladesh,Dhaka,25-Jan-18,ODI # 3965,SriLanka,8
lost,10 wickets,won,1st,v Sri Lanka,Dhaka,25-Jan-18,ODI # 3965,Bangladesh,25
lost,3 wickets,lost,1st,v Australia,Adelaide,26-Jan-18,ODI # 3966,England,1
won,3 wickets,won,2nd,v England,Adelaide,26-Jan-18,ODI # 3966,Australia,2
won,79 runs,won,1st,v Bangladesh,Dhaka,27-Jan-18,ODI # 3967,SriLanka,8
lost,79 runs,lost,2nd,v Sri Lanka,Dhaka,27-Jan-18,ODI # 3967,Bangladesh,25
won,12 runs,lost,1st,v Australia,Perth,28-Jan-18,ODI # 3968,England,1
lost,12 runs,won,2nd,v England,Perth,28-Jan-18,ODI # 3968,Australia,2
lost,6 wickets,won,1st,v India,Durban,01-Feb-18,ODI # 3969,SouthAfrica,3
won,6 wickets,lost,2nd,v South Africa,Durban,01-Feb-18,ODI # 3969,India,6
lost,9 wickets,lost,1st,v India,Centurion,04-Feb-18,ODI # 3970,SouthAfrica,3
won,9 wickets,won,2nd,v South Africa,Centurion,04-Feb-18,ODI # 3970,India,6
lost,124 runs,won,2nd,v India,Cape Town,07-Feb-18,ODI # 3971,SouthAfrica,3
won,124 runs,lost,1st,v South Africa,Cape Town,07-Feb-18,ODI # 3971,India,6
won,154 runs,won,1st,v Zimbabwe,Sharjah,09-Feb-18,ODI # 3972,Afghanistan,40
won,5 wickets,lost,2nd,v India,Johannesburg,10-Feb-18,ODI # 3973,SouthAfrica,3
lost,5 wickets,won,1st,v South Africa,Johannesburg,10-Feb-18,ODI # 3973,India,6
lost,154 runs,lost,2nd,v Zimbabwe,Sharjah,11-Feb-18,ODI # 3974,Afghanistan,40
won,6 wickets,lost,2nd,v Zimbabwe,Sharjah,13-Feb-18,ODI # 3975,Afghanistan,40
lost,73 runs,won,2nd,v India,Port Elizabeth,13-Feb-18,ODI # 3976,SouthAfrica,3
won,73 runs,lost,1st,v South Africa,Port Elizabeth,13-Feb-18,ODI # 3976,India,6
won,10 wickets,lost,2nd,v Zimbabwe,Sharjah,16-Feb-18,ODI # 3977,Afghanistan,40
lost,8 wickets,lost,1st,v India,Centurion,16-Feb-18,ODI # 3978,SouthAfrica,3
won,8 wickets,won,2nd,v South Africa,Centurion,16-Feb-18,ODI # 3978,India,6
won,146 runs,won,1st,v Zimbabwe,Sharjah,19-Feb-18,ODI # 3979,Afghanistan,40
won,3 wickets,won,2nd,v England,Hamilton,25-Feb-18,ODI # 3980,Newzealad,5
lost,3 wickets,lost,1st,v New Zealand,Hamilton,25-Feb-18,ODI # 3980,England,1
lost,6 wickets,lost,1st,v England,Mount Maunganui,28-Feb-18,ODI # 3981,Newzealad,5
won,6 wickets,won,2nd,v New Zealand,Mount Maunganui,28-Feb-18,ODI # 3981,England,1
lost,4 runs,won,2nd,v England,Wellington,03-Mar-18,ODI # 3982,Newzealad,5
won,4 runs,lost,1st,v New Zealand,Wellington,03-Mar-18,ODI # 3982,England,1
lost,7 wickets,lost,1st,v Scotland,Bulawayo,04-Mar-18,ODI # 3983,Afghanistan,40
won,60 runs,won,1st,v U.A.E.,Harare,06-Mar-18,ODI # 3987,WestIndies,4
lost,2 runs,lost,2nd,v Zimbabwe,Bulawayo,06-Mar-18,ODI # 3988,Afghanistan,40
won,5 wickets,won,2nd,v England,Dunedin,07-Mar-18,ODI # 3989,Newzealad,5
lost,5 wickets,lost,1st,v New Zealand,Dunedin,07-Mar-18,ODI # 3989,England,1
lost,30 runs,won,2nd,v Hong Kong,Bulawayo,08-Mar-18,ODI # 3990,Afghanistan,40
won,6 wickets,lost,2nd,v P.N.G.,Harare,08-Mar-18,ODI # 3991,WestIndies,4
lost,7 wickets,lost,1st,v England,Christchurch,10-Mar-18,ODI # 3992,Newzealad,5
won,7 wickets,won,2nd,v New Zealand,Christchurch,10-Mar-18,ODI # 3992,England,1
won,52 runs,lost,1st,v Ireland,Harare,10-Mar-18,ODI # 3993,WestIndies,4
lost,3 wickets,won,1st,v Afghanistan,Harare,15-Mar-18,ODI # 3997,WestIndies,4
won,3 wickets,lost,2nd,v West Indies,Harare,15-Mar-18,ODI # 3997,Afghanistan,40
won,4 wickets,lost,2nd,v Zimbabwe,Harare,19-Mar-18,ODI # 4002,WestIndies,4
won,5 wickets,lost,2nd,v U.A.E.,Harare,20-Mar-18,ODI # 4003,Afghanistan,40
won,5 runs,lost,1st,v Scotland,Harare,21-Mar-18,ODI # 4004,WestIndies,4
won,5 wickets,lost,2nd,v Ireland,Harare,23-Mar-18,ODI # 4006,Afghanistan,40
lost,7 wickets,won,1st,v Afghanistan,Harare,25-Mar-18,ODI # 4007,WestIndies,4
won,7 wickets,lost,2nd,v West Indies,Harare,25-Mar-18,ODI # 4007,Afghanistan,40
lost,6 runs,won,2nd,v Scotland,Edinburgh,10-Jun-18,ODI # 4008,England,1
won,3 wickets,lost,2nd,v Australia,The Oval,13-Jun-18,ODI # 4009,England,1
lost,3 wickets,won,1st,v England,The Oval,13-Jun-18,ODI # 4009,Australia,2
won,38 runs,lost,1st,v Australia,Cardiff,16-Jun-18,ODI # 4010,England,1
lost,38 runs,won,2nd,v England,Cardiff,16-Jun-18,ODI # 4010,Australia,2
won,242 runs,lost,1st,v Australia,Nottingham,19-Jun-18,ODI # 4011,England,1
lost,242 runs,won,2nd,v England,Nottingham,19-Jun-18,ODI # 4011,Australia,2
won,6 wickets,lost,2nd,v Australia,Chester-le-Street,21-Jun-18,ODI # 4012,England,1
lost,6 wickets,won,1st,v England,Chester-le-Street,21-Jun-18,ODI # 4012,Australia,2
won,1 wickets,lost,2nd,v Australia,Manchester,24-Jun-18,ODI # 4013,England,1
lost,1 wickets,won,1st,v England,Manchester,24-Jun-18,ODI # 4013,Australia,2
won,8 wickets,won,2nd,v England,Nottingham,12-Jul-18,ODI # 4014,India,6
lost,8 wickets,lost,1st,v India,Nottingham,12-Jul-18,ODI # 4014,England,1
won,201 runs,lost,1st,v Zimbabwe,Bulawayo,13-Jul-18,ODI # 4015,Pakistan,7
lost,86 runs,lost,2nd,v England,Lord's,14-Jul-18,ODI # 4016,India,6
won,86 runs,won,1st,v India,Lord's,14-Jul-18,ODI # 4016,England,1
won,9 wickets,lost,2nd,v Zimbabwe,Bulawayo,16-Jul-18,ODI # 4017,Pakistan,7
lost,8 wickets,lost,1st,v England,Leeds,17-Jul-18,ODI # 4018,India,6
won,8 wickets,won,2nd,v India,Leeds,17-Jul-18,ODI # 4018,England,1
won,9 wickets,lost,2nd,v Zimbabwe,Bulawayo,18-Jul-18,ODI # 4019,Pakistan,7
won,244 runs,won,1st,v Zimbabwe,Bulawayo,20-Jul-18,ODI # 4020,Pakistan,7
won,131 runs,won,1st,v Zimbabwe,Bulawayo,22-Jul-18,ODI # 4021,Pakistan,7
lost,48 runs,lost,2nd,v Bangladesh,Providence,22-Jul-18,ODI # 4022,WestIndies,4
won,48 runs,won,1st,v West Indies,Providence,22-Jul-18,ODI # 4022,Bangladesh,25
won,3 runs,lost,1st,v Bangladesh,Providence,25-Jul-18,ODI # 4023,WestIndies,4
lost,3 runs,won,2nd,v West Indies,Providence,25-Jul-18,ODI # 4023,Bangladesh,25
lost,18 runs,lost,2nd,v Bangladesh,Basseterre,28-Jul-18,ODI # 4024,WestIndies,4
won,18 runs,won,1st,v West Indies,Basseterre,28-Jul-18,ODI # 4024,Bangladesh,25
lost,5 wickets,won,1st,v South Africa,Dambulla,29-Jul-18,ODI # 4025,SriLanka,8
won,5 wickets,lost,2nd,v Sri Lanka,Dambulla,29-Jul-18,ODI # 4025,SouthAfrica,3
lost,4 wickets,won,1st,v South Africa,Dambulla,01-Aug-18,ODI # 4027,SriLanka,8
won,4 wickets,lost,2nd,v Sri Lanka,Dambulla,01-Aug-18,ODI # 4027,SouthAfrica,3
lost,78 runs,won,2nd,v South Africa,Pallekele,05-Aug-18,ODI # 4029,SriLanka,8
won,78 runs,lost,1st,v Sri Lanka,Pallekele,05-Aug-18,ODI # 4029,SouthAfrica,3
won,3 runs,lost,1st,v South Africa,Pallekele,08-Aug-18,ODI # 4030,SriLanka,8
lost,3 runs,won,2nd,v Sri Lanka,Pallekele,08-Aug-18,ODI # 4030,SouthAfrica,3
won,178 runs,won,1st,v South Africa,Colombo (RPS),12-Aug-18,ODI # 4031,SriLanka,8
lost,178 runs,lost,2nd,v Sri Lanka,Colombo (RPS),12-Aug-18,ODI # 4031,SouthAfrica,3
won,29 runs,lost,1st,v Ireland,Belfast,27-Aug-18,ODI # 4032,Afghanistan,40
lost,3 wickets,won,1st,v Ireland,Belfast,29-Aug-18,ODI # 4033,Afghanistan,40
won,8 wickets,lost,2nd,v Ireland,Belfast,31-Aug-18,ODI # 4035,Afghanistan,40
lost,137 runs,lost,2nd,v Bangladesh,Dubai (DSC),15-Sep-18,ODI # 4036,SriLanka,8
won,137 runs,won,1st,v Sri Lanka,Dubai (DSC),15-Sep-18,ODI # 4036,Bangladesh,25
won,8 wickets,lost,2nd,v Hong Kong,Dubai (DSC),16-Sep-18,ODI # 4037,Pakistan,7
lost,91 runs,lost,2nd,v Afghanistan,Abu Dhabi,17-Sep-18,ODI # 4038,SriLanka,8
won,91 runs,won,1st,v Sri Lanka,Abu Dhabi,17-Sep-18,ODI # 4038,Afghanistan,40
won,26 runs,lost,1st,v Hong Kong,Dubai (DSC),18-Sep-18,ODI # 4039,India,6
lost,8 wickets,won,1st,v India,Dubai (DSC),19-Sep-18,ODI # 4040,Pakistan,7
won,8 wickets,lost,2nd,v Pakistan,Dubai (DSC),19-Sep-18,ODI # 4040,India,6
lost,136 runs,lost,2nd,v Afghanistan,Abu Dhabi,20-Sep-18,ODI # 4041,Bangladesh,25
won,136 runs,won,1st,v Bangladesh,Abu Dhabi,20-Sep-18,ODI # 4041,Afghanistan,40
won,7 wickets,won,2nd,v Bangladesh,Dubai (DSC),21-Sep-18,ODI # 4042,India,6
lost,7 wickets,lost,1st,v India,Dubai (DSC),21-Sep-18,ODI # 4042,Bangladesh,25
won,3 wickets,lost,2nd,v Afghanistan,Abu Dhabi,21-Sep-18,ODI # 4043,Pakistan,7
lost,3 wickets,won,1st,v Pakistan,Abu Dhabi,21-Sep-18,ODI # 4043,Afghanistan,40
lost,9 wickets,won,1st,v India,Dubai (DSC),23-Sep-18,ODI # 4044,Pakistan,7
won,9 wickets,lost,2nd,v Pakistan,Dubai (DSC),23-Sep-18,ODI # 4044,India,6
won,3 runs,won,1st,v Afghanistan,Abu Dhabi,23-Sep-18,ODI # 4045,Bangladesh,25
lost,3 runs,lost,2nd,v Bangladesh,Abu Dhabi,23-Sep-18,ODI # 4045,Afghanistan,40
tied,-,lost,2nd,v Afghanistan,Dubai (DSC),25-Sep-18,ODI # 4046,India,6
tied,-,won,1st,v India,Dubai (DSC),25-Sep-18,ODI # 4046,Afghanistan,40
lost,37 runs,lost,2nd,v Bangladesh,Abu Dhabi,26-Sep-18,ODI # 4047,Pakistan,7
won,37 runs,won,1st,v Pakistan,Abu Dhabi,26-Sep-18,ODI # 4047,Bangladesh,25
won,3 wickets,won,2nd,v Bangladesh,Dubai (DSC),28-Sep-18,ODI # 4048,India,6
lost,3 wickets,lost,1st,v India,Dubai (DSC),28-Sep-18,ODI # 4048,Bangladesh,25
won,5 wickets,won,2nd,v Zimbabwe,Kimberley,30-Sep-18,ODI # 4049,SouthAfrica,3
won,120 runs,won,1st,v Zimbabwe,Bloemfontein,03-Oct-18,ODI # 4050,SouthAfrica,3
won,4 wickets,lost,2nd,v Zimbabwe,Paarl,06-Oct-18,ODI # 4051,SouthAfrica,3
n/r,-,won,2nd,v England,Dambulla,10-Oct-18,ODI # 4052,SriLanka,8
n/r,-,lost,1st,v Sri Lanka,Dambulla,10-Oct-18,ODI # 4052,England,1
lost,31 runs,won,2nd,v England,Dambulla,13-Oct-18,ODI # 4053,SriLanka,8
won,31 runs,lost,1st,v Sri Lanka,Dambulla,13-Oct-18,ODI # 4053,England,1
lost,7 wickets,lost,1st,v England,Pallekele,17-Oct-18,ODI # 4054,SriLanka,8
won,7 wickets,won,2nd,v Sri Lanka,Pallekele,17-Oct-18,ODI # 4054,England,1
lost,18 runs,lost,1st,v England,Pallekele,20-Oct-18,ODI # 4055,SriLanka,8
won,18 runs,won,2nd,v Sri Lanka,Pallekele,20-Oct-18,ODI # 4055,England,1
lost,8 wickets,lost,1st,v India,Guwahati,21-Oct-18,ODI # 4056,WestIndies,4
won,8 wickets,won,2nd,v West Indies,Guwahati,21-Oct-18,ODI # 4056,India,6
won,28 runs,won,1st,v Zimbabwe,Dhaka,21-Oct-18,ODI # 4057,Bangladesh,25
won,219 runs,won,1st,v England,Colombo (RPS),23-Oct-18,ODI # 4058,SriLanka,8
lost,219 runs,lost,2nd,v Sri Lanka,Colombo (RPS),23-Oct-18,ODI # 4058,England,1
tied,-,lost,2nd,v India,Visakhapatnam,24-Oct-18,ODI # 4059,WestIndies,4
tied,-,won,1st,v West Indies,Visakhapatnam,24-Oct-18,ODI # 4059,India,6
won,7 wickets,won,2nd,v Zimbabwe,Chattogram,24-Oct-18,ODI # 4060,Bangladesh,25
won,7 wickets,won,2nd,v Zimbabwe,Chattogram,26-Oct-18,ODI # 4061,Bangladesh,25
won,43 runs,lost,1st,v India,Pune,27-Oct-18,ODI # 4062,WestIndies,4
lost,43 runs,won,2nd,v West Indies,Pune,27-Oct-18,ODI # 4062,India,6
lost,224 runs,lost,2nd,v India,Mumbai (BS),29-Oct-18,ODI # 4063,WestIndies,4
won,224 runs,won,1st,v West Indies,Mumbai (BS),29-Oct-18,ODI # 4063,India,6
lost,9 wickets,won,1st,v India,Thiruvananthapuram,01-Nov-18,ODI # 4064,WestIndies,4
won,9 wickets,lost,2nd,v West Indies,Thiruvananthapuram,01-Nov-18,ODI # 4064,India,6
won,6 wickets,won,2nd,v Australia,Perth,04-Nov-18,ODI # 4065,SouthAfrica,3
lost,6 wickets,lost,1st,v South Africa,Perth,04-Nov-18,ODI # 4065,Australia,2
lost,47 runs,lost,2nd,v New Zealand,Abu Dhabi,07-Nov-18,ODI # 4066,Pakistan,7
won,47 runs,won,1st,v Pakistan,Abu Dhabi,07-Nov-18,ODI # 4066,Newzealad,5
lost,7 runs,won,2nd,v Australia,Adelaide,09-Nov-18,ODI # 4067,SouthAfrica,3
won,7 runs,lost,1st,v South Africa,Adelaide,09-Nov-18,ODI # 4067,Australia,2
won,6 wickets,lost,2nd,v New Zealand,Abu Dhabi,09-Nov-18,ODI # 4068,Pakistan,7
lost,6 wickets,won,1st,v Pakistan,Abu Dhabi,09-Nov-18,ODI # 4068,Newzealad,5
won,40 runs,lost,1st,v Australia,Hobart,11-Nov-18,ODI # 4069,SouthAfrica,3
lost,40 runs,won,2nd,v South Africa,Hobart,11-Nov-18,ODI # 4069,Australia,2
n/r,-,won,1st,v New Zealand,Dubai (DSC),11-Nov-18,ODI # 4070,Pakistan,7
n/r,-,lost,2nd,v Pakistan,Dubai (DSC),11-Nov-18,ODI # 4070,Newzealad,5
lost,5 wickets,won,1st,v Bangladesh,Dhaka,09-Dec-18,ODI # 4071,WestIndies,4
won,5 wickets,lost,2nd,v West Indies,Dhaka,09-Dec-18,ODI # 4071,Bangladesh,25
won,4 wickets,won,2nd,v Bangladesh,Dhaka,11-Dec-18,ODI # 4072,WestIndies,4
lost,4 wickets,lost,1st,v West Indies,Dhaka,11-Dec-18,ODI # 4072,Bangladesh,25
lost,8 wickets,lost,1st,v Bangladesh,Sylhet,14-Dec-18,ODI # 4073,WestIndies,4
won,8 wickets,won,2nd,v West Indies,Sylhet,14-Dec-18,ODI # 4073,Bangladesh,25
lost,45 runs,lost,2nd,v New Zealand,Mount Maunganui,03-Jan-19,ODI # 4074,SriLanka,8
won,45 runs,won,1st,v Sri Lanka,Mount Maunganui,03-Jan-19,ODI # 4074,Newzealad,5
lost,21 runs,lost,2nd,v New Zealand,Mount Maunganui,05-Jan-19,ODI # 4075,SriLanka,8
won,21 runs,won,1st,v Sri Lanka,Mount Maunganui,05-Jan-19,ODI # 4075,Newzealad,5
lost,115 runs,won,2nd,v New Zealand,Nelson,08-Jan-19,ODI # 4076,SriLanka,8
won,115 runs,lost,1st,v Sri Lanka,Nelson,08-Jan-19,ODI # 4076,Newzealad,5
lost,34 runs,lost,2nd,v Australia,Sydney,12-Jan-19,ODI # 4077,India,6
won,34 runs,won,1st,v India,Sydney,12-Jan-19,ODI # 4077,Australia,2
won,6 wickets,lost,2nd,v Australia,Adelaide,15-Jan-19,ODI # 4078,India,6
lost,6 wickets,won,1st,v India,Adelaide,15-Jan-19,ODI # 4078,Australia,2
won,7 wickets,won,2nd,v Australia,Melbourne,18-Jan-19,ODI # 4079,India,6
lost,7 wickets,lost,1st,v India,Melbourne,18-Jan-19,ODI # 4079,Australia,2
lost,5 wickets,won,1st,v Pakistan,Port Elizabeth,19-Jan-19,ODI # 4080,SouthAfrica,3
won,5 wickets,lost,2nd,v South Africa,Port Elizabeth,19-Jan-19,ODI # 4080,Pakistan,7
won,5 wickets,won,2nd,v Pakistan,Durban,22-Jan-19,ODI # 4081,SouthAfrica,3
lost,5 wickets,lost,1st,v South Africa,Durban,22-Jan-19,ODI # 4081,Pakistan,7
lost,8 wickets,won,1st,v India,Napier,23-Jan-19,ODI # 4082,Newzealad,5
won,8 wickets,lost,2nd,v New Zealand,Napier,23-Jan-19,ODI # 4082,India,6
won,13 runs,lost,2nd,v Pakistan,Centurion,25-Jan-19,ODI # 4084,SouthAfrica,3
lost,13 runs,won,1st,v South Africa,Centurion,25-Jan-19,ODI # 4084,Pakistan,7
lost,90 runs,lost,2nd,v India,Mount Maunganui,26-Jan-19,ODI # 4085,Newzealad,5
won,90 runs,won,1st,v New Zealand,Mount Maunganui,26-Jan-19,ODI # 4085,India,6
lost,8 wickets,lost,1st,v Pakistan,Johannesburg,27-Jan-19,ODI # 4087,SouthAfrica,3
won,8 wickets,won,2nd,v South Africa,Johannesburg,27-Jan-19,ODI # 4087,Pakistan,7
lost,7 wickets,won,1st,v India,Mount Maunganui,28-Jan-19,ODI # 4088,Newzealad,5
won,7 wickets,lost,2nd,v New Zealand,Mount Maunganui,28-Jan-19,ODI # 4088,India,6
won,7 wickets,won,2nd,v Pakistan,Cape Town,30-Jan-19,ODI # 4090,SouthAfrica,3
lost,7 wickets,lost,1st,v South Africa,Cape Town,30-Jan-19,ODI # 4090,Pakistan,7
won,8 wickets,won,2nd,v India,Hamilton,31-Jan-19,ODI # 4091,Newzealad,5
lost,8 wickets,lost,1st,v New Zealand,Hamilton,31-Jan-19,ODI # 4091,India,6
lost,35 runs,lost,2nd,v India,Wellington,03-Feb-19,ODI # 4092,Newzealad,5
won,35 runs,won,1st,v New Zealand,Wellington,03-Feb-19,ODI # 4092,India,6
won,8 wickets,lost,2nd,v Bangladesh,Napier,13-Feb-19,ODI # 4093,Newzealad,5
lost,8 wickets,won,1st,v New Zealand,Napier,13-Feb-19,ODI # 4093,Bangladesh,25
won,8 wickets,won,2nd,v Bangladesh,Christchurch,16-Feb-19,ODI # 4094,Newzealad,5
lost,8 wickets,lost,1st,v New Zealand,Christchurch,16-Feb-19,ODI # 4094,Bangladesh,25
won,88 runs,lost,1st,v Bangladesh,Dunedin,20-Feb-19,ODI # 4095,Newzealad,5
lost,88 runs,won,2nd,v New Zealand,Dunedin,20-Feb-19,ODI # 4095,Bangladesh,25
lost,6 wickets,won,1st,v England,Bridgetown,20-Feb-19,ODI # 4096,WestIndies,4
won,6 wickets,lost,2nd,v West Indies,Bridgetown,20-Feb-19,ODI # 4096,England,1
won,26 runs,lost,1st,v England,Bridgetown,22-Feb-19,ODI # 4097,WestIndies,4
lost,26 runs,won,2nd,v West Indies,Bridgetown,22-Feb-19,ODI # 4097,England,1
n/r,-,lost,-,v England,St George's,25-Feb-19,ODI # 4098,WestIndies,4
n/r,-,won,-,v West Indies,St George's,25-Feb-19,ODI # 4098,England,1
lost,29 runs,won,2nd,v England,St George's,27-Feb-19,ODI # 4099,WestIndies,4
won,29 runs,lost,1st,v West Indies,St George's,27-Feb-19,ODI # 4099,England,1
won,5 wickets,lost,2nd,v Ireland,Dehradun,28-Feb-19,ODI # 4100,Afghanistan,40
n/r,-,won,1st,v Ireland,Dehradun,02-Mar-19,ODI # 4101,Afghanistan,40
won,6 wickets,lost,2nd,v Australia,Hyderabad (Deccan),02-Mar-19,ODI # 4102,India,6
lost,6 wickets,won,1st,v India,Hyderabad (Deccan),02-Mar-19,ODI # 4102,Australia,2
won,7 wickets,won,2nd,v England,Gros Islet,02-Mar-19,ODI # 4103,WestIndies,4
lost,7 wickets,lost,1st,v West Indies,Gros Islet,02-Mar-19,ODI # 4103,England,1
lost,8 wickets,lost,1st,v South Africa,Johannesburg,03-Mar-19,ODI # 4104,SriLanka,8
won,8 wickets,won,2nd,v Sri Lanka,Johannesburg,03-Mar-19,ODI # 4104,SouthAfrica,3
lost,4 wickets,won,1st,v Ireland,Dehradun,05-Mar-19,ODI # 4105,Afghanistan,40
won,8 runs,lost,1st,v Australia,Nagpur,05-Mar-19,ODI # 4106,India,6
lost,8 runs,won,2nd,v India,Nagpur,05-Mar-19,ODI # 4106,Australia,2
lost,113 runs,won,2nd,v South Africa,Centurion,06-Mar-19,ODI # 4107,SriLanka,8
won,113 runs,lost,1st,v Sri Lanka,Centurion,06-Mar-19,ODI # 4107,SouthAfrica,3
won,109 runs,lost,1st,v Ireland,Dehradun,08-Mar-19,ODI # 4108,Afghanistan,40
lost,32 runs,won,2nd,v Australia,Ranchi,08-Mar-19,ODI # 4109,India,6
won,32 runs,lost,1st,v India,Ranchi,08-Mar-19,ODI # 4109,Australia,2
lost,5 wickets,lost,1st,v Ireland,Dehradun,10-Mar-19,ODI # 4110,Afghanistan,40
lost,4 wickets,won,1st,v Australia,Mohali,10-Mar-19,ODI # 4111,India,6
won,4 wickets,lost,2nd,v India,Mohali,10-Mar-19,ODI # 4111,Australia,2
lost,71 runs,won,2nd,v South Africa,Durban,10-Mar-19,ODI # 4112,SriLanka,8
won,71 runs,lost,1st,v Sri Lanka,Durban,10-Mar-19,ODI # 4112,SouthAfrica,3
lost,35 runs,lost,2nd,v Australia,Delhi,13-Mar-19,ODI # 4113,India,6
won,35 runs,won,1st,v India,Delhi,13-Mar-19,ODI # 4113,Australia,2
lost,6 wickets,lost,1st,v South Africa,Port Elizabeth,13-Mar-19,ODI # 4114,SriLanka,8
won,6 wickets,won,2nd,v Sri Lanka,Port Elizabeth,13-Mar-19,ODI # 4114,SouthAfrica,3
lost,41 runs,won,1st,v South Africa,Cape Town,16-Mar-19,ODI # 4115,SriLanka,8
won,41 runs,lost,2nd,v Sri Lanka,Cape Town,16-Mar-19,ODI # 4115,SouthAfrica,3
lost,8 wickets,won,1st,v Australia,Sharjah,22-Mar-19,ODI # 4116,Pakistan,7
won,8 wickets,lost,2nd,v Pakistan,Sharjah,22-Mar-19,ODI # 4116,Australia,2
lost,8 wickets,won,1st,v Australia,Sharjah,24-Mar-19,ODI # 4117,Pakistan,7
won,8 wickets,lost,2nd,v Pakistan,Sharjah,24-Mar-19,ODI # 4117,Australia,2
lost,80 runs,lost,2nd,v Australia,Abu Dhabi,27-Mar-19,ODI # 4118,Pakistan,7
won,80 runs,won,1st,v Pakistan,Abu Dhabi,27-Mar-19,ODI # 4118,Australia,2
lost,6 runs,won,2nd,v Australia,Dubai (DSC),29-Mar-19,ODI # 4119,Pakistan,7
won,6 runs,lost,1st,v Pakistan,Dubai (DSC),29-Mar-19,ODI # 4119,Australia,2
lost,20 runs,won,2nd,v Australia,Dubai (DSC),31-Mar-19,ODI # 4120,Pakistan,7
won,20 runs,lost,1st,v Pakistan,Dubai (DSC),31-Mar-19,ODI # 4120,Australia,2
won,4 wickets,won,2nd,v Ireland,Dublin (Malahide),03-May-19,ODI # 4127,England,1
won,196 runs,lost,1st,v Ireland,Dublin,05-May-19,ODI # 4128,WestIndies,4
lost,8 wickets,won,1st,v Bangladesh,Dublin,07-May-19,ODI # 4129,WestIndies,4
won,8 wickets,lost,2nd,v West Indies,Dublin,07-May-19,ODI # 4129,Bangladesh,25
aban,-,-,-,v Scotland,Edinburgh,08-May-19,ODI # 4129a,Afghanistan,40
n/r,-,lost,1st,v England,The Oval,08-May-19,ODI # 4130,Pakistan,7
n/r,-,won,2nd,v Pakistan,The Oval,08-May-19,ODI # 4130,England,1
aban,-,-,-,v Ireland,Dublin (Malahide),09-May-19,ODI # 4130a,Bangladesh,25
won,2 runs,lost,2nd,v Scotland,Edinburgh,10-May-19,ODI # 4131,Afghanistan,40
won,5 wickets,lost,2nd,v Ireland,Dublin (Malahide),11-May-19,ODI # 4132,WestIndies,4
lost,12 runs,won,2nd,v England,Southampton,11-May-19,ODI # 4133,Pakistan,7
won,12 runs,lost,1st,v Pakistan,Southampton,11-May-19,ODI # 4133,England,1
lost,5 wickets,won,1st,v Bangladesh,Dublin (Malahide),13-May-19,ODI # 4134,WestIndies,4
won,5 wickets,lost,2nd,v West Indies,Dublin (Malahide),13-May-19,ODI # 4134,Bangladesh,25
lost,6 wickets,lost,1st,v England,Bristol,14-May-19,ODI # 4135,Pakistan,7
won,6 wickets,won,2nd,v Pakistan,Bristol,14-May-19,ODI # 4135,England,1
won,6 wickets,lost,2nd,v Ireland,Dublin,15-May-19,ODI # 4136,Bangladesh,25
lost,5 wickets,lost,1st,v Bangladesh,Dublin (Malahide),17-May-19,ODI # 4137,WestIndies,4
won,5 wickets,won,2nd,v West Indies,Dublin (Malahide),17-May-19,ODI # 4137,Bangladesh,25
lost,3 wickets,lost,1st,v England,Nottingham,17-May-19,ODI # 4138,Pakistan,7
won,3 wickets,won,2nd,v Pakistan,Nottingham,17-May-19,ODI # 4138,England,1
aban,-,-,-,v Scotland,Edinburgh,18-May-19,ODI # 4138a,SriLanka,8
-,-,won,2nd,v Ireland,Belfast,19-May-19,ODI # 4139,Afghanistan,40
-,-,lost,2nd,v England,Leeds,19-May-19,ODI # 4140,Pakistan,7
-,-,won,1st,v Pakistan,Leeds,19-May-19,ODI # 4140,England,1